issue_number,title,body_excerpt,html_url,state,maintainer_labels,predicted_candidate_label,confidence,reason
2,doctl should support a config file,"Currently the doctl command line tool supports retrieving auth from env vars, but I would prefer to store these in a dot file in my home directory.",https://github.com/digitalocean/doctl/issues/2,closed,,,0.000,no_high_confidence_signal
18,droplet delete name disambiguation,"If you have multiple droplets with the same name, e.g. ""ubuntu-2gb-nyc3-01"", and issue a droplet delete command, doctl deletes the oldest one. ``` doctl compute droplet delete ubuntu-2gb-nyc3-01 ``` This should be documented, or there sh...",https://github.com/digitalocean/doctl/issues/18,closed,,,0.000,no_high_confidence_signal
19,Can't login on windows,"Just tried installing the client after the twitter post was announce and wanted to login, however the client isn't being so nice about it. `1.0` Releases eh? Anyway when attempting to login, it seems that the client is ignoring all the a...",https://github.com/digitalocean/doctl/issues/19,closed,,,0.000,no_high_confidence_signal
20,`doctl compute images list` does not include slug.,``` [~]# doctl compute image list ID Name Type Distribution Slug Public Min Disk 79909 Rails-3.2.12-Nginx-MySQL snapshot Ubuntu false 20 13271590 FreeBSD 10.2 Raw snapshot FreeBSD false 20 15836396 packer-1455685225 snapshot Ubuntu false...,https://github.com/digitalocean/doctl/issues/20,closed,,,0.000,no_high_confidence_signal
21,can't login on KDE,(either #19 ;) I traced this one down to https://github.com/bryanl/webbrowser/issues/2 however.,https://github.com/digitalocean/doctl/issues/21,closed,,,0.000,no_high_confidence_signal
22,doctl 1.0.0 version shows as 1.0.0-dev,$ doctl version doctl version 1.0.0-dev Git commit hash: d8e2e0b $ sha256sum /usr/bin/doctl 9f8ebe3c1d69ac5cb4ce313d82ceeac83485a57904ea9ef11accc62db8944e7b) /usr/bin/doctl ![doctl](https://cloud.githubusercontent.com/assets/12419155/141...,https://github.com/digitalocean/doctl/issues/22,closed,,,0.000,no_high_confidence_signal
26,What broke Jim?,"Receive follow problem ``` bash $ doctl auth login login to DigitalOcean account Usage: doctl auth login [flags] Flags: -h, --help help for login Global Flags: -t, --access-token string DigitalOcean API V2 Access Token -o, --output strin...",https://github.com/digitalocean/doctl/issues/26,closed,,,0.000,no_high_confidence_signal
29,Release to Package Managers,You should release it to several different package managers such as [Homebrew](http://brew.sh) and APT repositories (preferably make your own).,https://github.com/digitalocean/doctl/issues/29,closed,,,0.000,no_high_confidence_signal
30,--ssh-port option ignored,My droplets use a non-standard port for ssh. So I tried this: `doctl compute ssh <my_droplet> --ssh-user <my_user> --ssh-port 1234` But I get `ssh: connect to host <droplet_ip> port 22: Connection refused` `Error: 255` | Software | Versi...,https://github.com/digitalocean/doctl/issues/30,closed,,,0.000,no_high_confidence_signal
32,In the homebrew version of the package is 0.0.16,This version of the homebrew is well out of date,https://github.com/digitalocean/doctl/issues/32,closed,,,0.000,no_high_confidence_signal
33,Multiple Missing Things for 'change-kernel' Action,The `--format` option is missing for the `change-kernel` action using the following command: ``` doctl compute droplet-action change-kernel <droplet-id> ``` This option exists for other similar `droplet-action` such as `power-off`. I was...,https://github.com/digitalocean/doctl/issues/33,closed,,,0.000,no_high_confidence_signal
37,Create script to regenerate mocks,"`doctl` uses multiple mocks in testing. In order to generate them the same way every time, create a script to generate the mocks.",https://github.com/digitalocean/doctl/issues/37,closed,,,0.000,no_high_confidence_signal
42,"plain ""go get"" doesn't work on the repository",`$ go get github.com/digitalocean/doctl/cmd/doctl` doesn't work out of the box: ``` $ go get github.com/digitalocean/doctl/cmd/doctl # cd /home/user/mygo/src/github.com/digitalocean/doctl; git submodule update --init --recursive fatal: n...,https://github.com/digitalocean/doctl/issues/42,closed,,,0.000,no_high_confidence_signal
43,Update Homebrew version to v1.0.1,The Homebrew formula is [still pointing at v1.0.0](https://github.com/Homebrew/legacy-homebrew/blob/master/Library/Formula/doctl.rb#L6),https://github.com/digitalocean/doctl/issues/43,closed,,,0.000,no_high_confidence_signal
45,Making doctl configuration versatile,_Edit: Win11 added Linux subsystem support_,https://github.com/digitalocean/doctl/issues/45,closed,,,0.000,no_high_confidence_signal
46,Cannot run binary,I followed the installation steps of option 2. Running `doctl` results in this error message: `zsh: exec format error: doctl` I'm on the latest version of OSX. How can this be fixed?,https://github.com/digitalocean/doctl/issues/46,closed,,,0.000,no_high_confidence_signal
47,Add a FreeBSD release,I would like to make a FreeBSD port for the doctl tool. It would be much easier to pull the release build from github rather than building it from source. Would it be possible to add a FreeBSD release?,https://github.com/digitalocean/doctl/issues/47,closed,,,0.000,no_high_confidence_signal
48,Using Doctl to rebuild a droplet,I ran `doctl compute droplet list` to get a droplet_id for our droplets. One of our droplets has droplet_id **12018347**. I then ran `doctl compute image list` to get the image_id for the Ubuntu 14.04.4 x64 image. According to this comma...,https://github.com/digitalocean/doctl/issues/48,closed,,,0.000,no_high_confidence_signal
50,Feature request: assigning a floating IP to a droplet,It seems that currently there is no command for creating a floating IP and assigning it in one go. This would be very handy in our provisioning scripts. Would you consider adding this?,https://github.com/digitalocean/doctl/issues/50,closed,,,0.000,no_high_confidence_signal
55,if json output is selected should only produce json output,"when JSON output is selected, don't `fmt.Print...` stuff to stdout. e.g: https://github.com/digitalocean/doctl/blob/master/commands/droplets.go#L408",https://github.com/digitalocean/doctl/issues/55,closed,,,0.000,no_high_confidence_signal
59,[Suggestion] XDG conformance for .doctlcfg,This would be a nice to have feature for those of us with OCD. :),https://github.com/digitalocean/doctl/issues/59,closed,,,0.000,no_high_confidence_signal
65,Windows SSH client agent support,"Doctl uses a custom ssh client because it can't assume there is a ssh executable in the path. In order to be more friendly, there should exist support for SSH agents.",https://github.com/digitalocean/doctl/issues/65,closed,,,0.000,no_high_confidence_signal
66,support for inline repl/shell?,"Would it be possible to have something equivalent to a shell for this tool? I find myself typing `doctl compute droplet <action>` a lot, and it'd be nice if I could do something like `cd compute/droplet` or `cd compute` and then just `dr...",https://github.com/digitalocean/doctl/issues/66,closed,,,0.000,no_high_confidence_signal
67,git-style aliases,"## What Allow git-style aliases for commands. ## Why Some commands are more frequently used than others by users, so allowing people to alias them to their convenience will provide a more ergonomic experience. ## How Possible impl: - Add...",https://github.com/digitalocean/doctl/issues/67,closed,,,0.000,no_high_confidence_signal
71,OSX zsh error after tar ball install,"after following the basic install (download tar, extract) Running ``` ./doctl auth login ``` Produces ``` zsh: exec format error: ./doctl ```",https://github.com/digitalocean/doctl/issues/71,closed,,,0.000,no_high_confidence_signal
75,Ephemeral Access Token,"After authenticating using: doctl auth login --access-token {string} The `doctl auth login` doesn't' work. you still get: > Error: access token is required when trying to run `doctl compute droplet list` or most of the commands. To list,...",https://github.com/digitalocean/doctl/issues/75,closed,,,0.000,no_high_confidence_signal
76,auth login does not open a new browser tab,Is anyone else finding that typing `doctl auth login` does not open a new browser window but outputs the usage and the error: ``` Error: access token is required ``` … well I thought that was what this command was suppose to figure out f...,https://github.com/digitalocean/doctl/issues/76,closed,,,0.000,no_high_confidence_signal
77,SSH Agent Forwarding,"First and foremost, this tool is great and it makes my work a lot easier! Thank you! One of the things I use quite often is SSH agent forwarding (`ssh -A user@server`) for example for deployment tasks. I wonder if it would be possible to...",https://github.com/digitalocean/doctl/issues/77,closed,,,0.000,no_high_confidence_signal
78,droplet list for larger number of droplets contains duplicates,"![image](https://cloud.githubusercontent.com/assets/1100763/15457019/14e065c6-204f-11e6-8e6f-284abf8bd402.png) Intuitively, I would guess there is a bug in the way pagination is expanded.",https://github.com/digitalocean/doctl/issues/78,closed,bug,bug,0.750,over_max_per_class
81,SSH user argument ignored,"I would like to use a different user to ssh into my droplet, but I also use a different ssh key, my line is: ``` doctl compute ssh <my_droplet> --ssh-key-path <mykey> --ssh-user <my_user> ``` but the connection made to the droplet uses `...",https://github.com/digitalocean/doctl/issues/81,closed,,,0.000,no_high_confidence_signal
82,doctl compute images list-user returns distributions,"Line 52 of commands/images.go has a bug: `cmdImagesListUser := CmdBuilder(cmd, RunImagesListDistribution,`",https://github.com/digitalocean/doctl/issues/82,closed,,,0.000,no_high_confidence_signal
83,doctl didn't create $HOME/.doctlcfg file,"No sure why, but ran the following command after installing `doctl` using Homebrew (Mac OS, El Capitan, v10.11.5). ``` BASH doctl auth login -t (my token) ``` Output: `updated access token` But no `.doctlcfg` file was created in $HOME.",https://github.com/digitalocean/doctl/issues/83,closed,,,0.000,no_high_confidence_signal
84,my digital ocean account droplet 600 list but doctl compute droplet list @ max 400 list,,https://github.com/digitalocean/doctl/issues/84,closed,,,0.000,no_high_confidence_signal
86,address droplets by name,"currently every action (shutdown, snapshot etc) needs the ID as parameter. this is not very practical for scripting things like this. Will it be possible to give these actions the Name of the droplet as parameter? shutdown_and_update.sh ...",https://github.com/digitalocean/doctl/issues/86,closed,,,0.000,no_high_confidence_signal
89,Add a way to see private IP of the machine,"I have a scenario, when I need to generate SSL certificates for a bunch of machines in the cluster. It would be nice if the output of `doctl compute droplet [create|list]` included the private ip (provided `--enable-private-networking` w...",https://github.com/digitalocean/doctl/issues/89,closed,,,0.000,no_high_confidence_signal
90,Bash Completion,"Feature request: We need bash completion... doctl <tab> should show compute, account, auth ...",https://github.com/digitalocean/doctl/issues/90,closed,,,0.000,no_high_confidence_signal
94,Replace `doctl auth login` with `doctl auth init`,The `doctl auth login` process has a few issues that doesn't allow it to work the same way on every platform. I'm proposing we replace this with a `doctl auth init` that will take a DO token on the command line and do the initial configu...,https://github.com/digitalocean/doctl/issues/94,closed,,,0.000,no_high_confidence_signal
95,Add template support to customize outputs,"Using Go templates, expose the raw response to the end user, so outputs can be customized. As an example, if you retrieve a droplet with `doctl compute droplet get 1234`, you could retrieve the droplet creation time with `doctl compute d...",https://github.com/digitalocean/doctl/issues/95,closed,,,0.000,no_high_confidence_signal
96,Allow jsonpath traversals through doctl output,"Add a jsonpath option to allow easy retrieval of specific data from a doctl response. Example: `doctl compute get 1234 --jsonpath ""Networks.V4""` would return the IPv4 networks block from the JSON response. JSON output is assumed with the...",https://github.com/digitalocean/doctl/issues/96,closed,,,0.000,no_high_confidence_signal
101,`doctl auth login` doesn't work on Mac,"Contrary to the tutorial [here](https://www.digitalocean.com/community/tutorials/how-to-use-doctl-the-official-digitalocean-command-line-client), `doctl auth login` only returns `Error: access token is required`, if there's no config fil...",https://github.com/digitalocean/doctl/issues/101,closed,,,0.000,no_high_confidence_signal
102,doctl compute droplet find,please add command: doctl compute droplet find ABCD To find matching droplet with **partial name** or **ip** or **tags**,https://github.com/digitalocean/doctl/issues/102,closed,,,0.000,no_high_confidence_signal
106,--user-data-file not used?,"Created a droplet with the --user-data-file argument with a local file containing a few lines of shell code, which normally works when used from the control panel. The data doesn't seem to be used.",https://github.com/digitalocean/doctl/issues/106,closed,,,0.000,no_high_confidence_signal
107,Tag droplet returns 404 error,Running the command: `doctl compute droplet tag <droplet-name or droplet-id> --tag-name mytag` returns the error message: `Error: POST https://api.digitalocean.com/v2/tags/testing/resources: 404 The resource you were accessing could not ...,https://github.com/digitalocean/doctl/issues/107,closed,,,0.000,no_high_confidence_signal
108,[Suggestion] notify/callback option when --wait omitted,"This is probably not specific for `doctl` itself, but also the API. I think it could be useful if you start creating a droplet, and don't want to wait until it's finished, if you could have it notify you by e-mail once it's done creating...",https://github.com/digitalocean/doctl/issues/108,closed,,,0.000,no_high_confidence_signal
109,Confirm before delete droplet,Feature request: We need a confirmation before delete (or any other critical action) a droplet. 😰,https://github.com/digitalocean/doctl/issues/109,closed,,,0.000,no_high_confidence_signal
112,SSH Client doesn't work on Windows,"It happens on current master (a57555c), when trying to connect to a droplet from Windows 10 in VirtualBox. There are 2 different problems: **1/ When trying to connect with a SSH key that isn't password protected, the error is**: ``` doct...",https://github.com/digitalocean/doctl/issues/112,closed,,,0.000,no_high_confidence_signal
114,color support does not work in Windows,Color support isn't working in windows.,https://github.com/digitalocean/doctl/issues/114,closed,,,0.000,no_high_confidence_signal
115,godo user agent should match the bin version,"godo is reporting `User-Agent: godo/0.1.0`, it should be reporting the current version.",https://github.com/digitalocean/doctl/issues/115,closed,,,0.000,no_high_confidence_signal
116,Allow specification of hypervisor id when creating droplets,Customers can buy an entire HV. Allow specification of the hypervisor id when creating droplets.,https://github.com/digitalocean/doctl/issues/116,closed,,,0.000,no_high_confidence_signal
120,Ubuntu - no tab autocomplete,A standard thing I very frequently use with tools is the tab autocomplete options...unfortunately this tool doesn't support that. Is it on the roadmap anywhere?,https://github.com/digitalocean/doctl/issues/120,closed,,,0.000,no_high_confidence_signal
124,invalid json output for multiple droplet creation,"I ran this: ``` doctl compute droplet create test1 test2 --wait --output json --region lon1 --size 512mb --image ubuntu-14-04-x64 ``` ...and I got the below. Note the `][` right in the middle - should instead just be `,`. ``` [ { ""id"": 2...",https://github.com/digitalocean/doctl/issues/124,closed,,,0.000,no_high_confidence_signal
128,Does not compatible with macOS 10.12,"``` Warning: You are using OS X 10.12. We do not provide support for this pre-release version. You may encounter build failures or other breakages. Please create pull-requests instead of filing issues. ==> Upgrading 1 outdated package, w...",https://github.com/digitalocean/doctl/issues/128,closed,,,0.000,no_high_confidence_signal
129,Error GET ... Looks like something went wrong,"I've tried to create snapshot: ``` # doctl compute droplet-action snapshot $DROPLET_ID --snapshot-name ""$DROPLET_NAME-$date_tag"" ``` After that I see in actions: ``` # doctl compute action list 131781197 errored snapshot 2016-08-12 09:21...",https://github.com/digitalocean/doctl/issues/129,closed,,,0.000,no_high_confidence_signal
130,Update Brew Issue,The docs on the DO site show stuff for the new release. But a old one os delivered via brew. Maybe get this to a newer state,https://github.com/digitalocean/doctl/issues/130,closed,,,0.000,no_high_confidence_signal
133,Ability to delete multiple snapshots,"Being billing will begin on October 1st for customers storing snapshots. It would be beneficial to allow doctl to permit to delete multiple snapshots at once. Much like you can do with droplets. At the moment, we have noticed attempting ...",https://github.com/digitalocean/doctl/issues/133,closed,,,0.000,no_high_confidence_signal
136,doctl integration with snap package manager (not only for Ubuntu[1]),"It is possible to package doctl using snap. Advantages: - you can advertise the rigorous application isolation; - it will update automatically and transactionally; - for example, after an update, if the new release is broken the user can...",https://github.com/digitalocean/doctl/issues/136,closed,,,0.000,no_high_confidence_signal
137,Add filtering to volume lists,"I can use `doctl compute droplet list` to get a list of all droplets and I can use `doctl compute droplet list dropletname` to get just a single droplet. Likewise I can do `doctl compute volume list` to get a list of all volumes, but I c...",https://github.com/digitalocean/doctl/issues/137,closed,enhancement,enhancement,0.750,over_max_per_class
141,[Idea] Add SCP command do doctl,"I'm thinking about idea of implementing `scp` into `doctl`, so you can easy upload or download files from your droplet. It will help DigitalOcean users to have one tool, which does everything, from managing droplets, images... to SSH acc...",https://github.com/digitalocean/doctl/issues/141,closed,,,0.000,no_high_confidence_signal
142,Unexpected print to stdout make the output not good for pipe,"when creating droplet, the stdout print `extracting volumes from []string{}` while I would do ``` doctl compute droplet create ...... -o json | a-script-to-extract-json ``` I have to ``` doctl compute droplet create ...... -o json | tail...",https://github.com/digitalocean/doctl/issues/142,closed,,,0.000,no_high_confidence_signal
145,droplet tag - The resource you were accessing could not be found,"Hi, tagging droplets via the website works great, but when I'm trying to tag and untag a droplet using `doctl` I'm getting a `Error: POST https://api.digitalocean.com/v2/tags/digitalocean/resources: 404 The resource you were accessing co...",https://github.com/digitalocean/doctl/issues/145,closed,,,0.000,no_high_confidence_signal
147,go get not working,``` $ go get github.com/digitalocean/doctl/cmd/doctl # cd /opt/go/src/github.com/digitalocean/doctl; git submodule update --init --recursive fatal: no submodule mapping found in .gitmodules for path 'vendor/github.com/vektra/errors' pack...,https://github.com/digitalocean/doctl/issues/147,closed,,,0.000,no_high_confidence_signal
149,fatal error: unexpected signal during runtime execution,On OSX 10.12 (Sierra) I get will run doctl command and get an error. Then I run it again and it works. ``` clemenko13:Desktop clemenko$ doctl compute droplet list fatal error: unexpected signal during runtime execution [signal 0xb code=0...,https://github.com/digitalocean/doctl/issues/149,closed,,,0.000,no_high_confidence_signal
150,git: no submodule mapping found in .gitmodules,"Hi, I tried `go get github.com/digitalocean/doctl/cmd/doctl`, occur error. the log is below. FYI, it's the first fetch and also tried `rm -rf doctl` and re-fetch use `git` directly. same results. ``` bash fatal: no submodule mapping foun...",https://github.com/digitalocean/doctl/issues/150,closed,,,0.000,no_high_confidence_signal
156,Improve get droplet template,Ease use of template format by passing the droplet struct to parser,https://github.com/digitalocean/doctl/issues/156,closed,,,0.000,no_high_confidence_signal
162,Notice: extracting volumes from []string{} message when building. ,This message appears now with doctl 1.5.0 - darwin. I am running macOS Sierra 10.12.1. ``` clemenko13:~ clemenko$ doctl compute droplet create ucp1 --region nyc2 --image centos-7-0-x64 --size 2gb --ssh-keys 30:98:4f:c5:47:c2:88:28:fe:3c:...,https://github.com/digitalocean/doctl/issues/162,closed,,,0.000,no_high_confidence_signal
167,allow ``ssh-user`` and ``ssh-port`` to be specified in config file,"We are using non standard ssh port and non-root user to admin all machines, we need to specify them via command line every time we want to ``doctl compute ssh``.",https://github.com/digitalocean/doctl/issues/167,closed,,,0.000,no_high_confidence_signal
168,pass ssh command line down to the actual ssh,Right now ``doctl compute ssh droplet`` simply ignores all command line args specified so things like these do not work: ``` $ doctl compute ssh mydroplet uptime $ doctl compute ssh mydroplet free ``` I think it would be cool to add abil...,https://github.com/digitalocean/doctl/issues/168,closed,,,0.000,no_high_confidence_signal
172,[Idea] Add list of resources that will be deleted before asking for confirmation,"Now, when you execute command like `doctl compute droplet delete 1`, you'll see: `Warning: Are you sure you want to delete droplet(s) (y/N) ? y`. But that's all. If you used `--force` flag, you'll neither see confirmation which is OK. Mi...",https://github.com/digitalocean/doctl/issues/172,closed,,,0.000,no_high_confidence_signal
176,Some output is forced to use white color,"The help messages include some parts in white, even when background is white. It is very hard to read. Example (see last line): --- ![whitetext](https://cloud.githubusercontent.com/assets/37484/21599140/e8e2820c-d15f-11e6-9d01-8823a8bfcf...",https://github.com/digitalocean/doctl/issues/176,closed,,,0.000,no_high_confidence_signal
181,"""Error: ssh: no key found"" when adding ssh-key","When adding an new ssh key into DO, I got the `Error: ssh: no key found` error. This is on macOS 10.12.2. Full output (token censored): ``` /tmp$ ssh-keygen -t ed25519 -f id_ed25519 -C """" -N """" Generating public/private ed25519 key pair....",https://github.com/digitalocean/doctl/issues/181,closed,,,0.000,no_high_confidence_signal
182,add monitoring to doctl,doesn't appear to be a way to add monitoring when creating a droplet in doctl.,https://github.com/digitalocean/doctl/issues/182,closed,,,0.000,no_high_confidence_signal
189,"Help dialog for ""droplet get"" is missing required droplet-id arg",The 1.5.0 Linux amd64 doctl binary seems to be missing the required argument `<droplet-id>`. ``` [jyundt@laptop tmp]$ wget https://github.com/digitalocean/doctl/releases/download/v1.5.0/doctl-1.5.0-linux-amd64.tar.gz --2017-02-05 18:58:5...,https://github.com/digitalocean/doctl/issues/189,closed,,,0.000,no_high_confidence_signal
192,doctl compute image-action transfer returns: 404 The specified action type is not available.,"Maybe I'm doing something wrong but `doctl compute image-action transfer -o json --region sgp1 my-image-id` returns: ``` $ doctl compute image-action transfer -o json --region sgp1 12345 {""errors"":[{""detail"":""could not transfer image: PO...",https://github.com/digitalocean/doctl/issues/192,closed,,,0.000,no_high_confidence_signal
198,Public images listed by default,Public images should only be listed when using the `--public` flag: ```bash $ doctl compute image list ID Name Type Distribution Slug Public Min Disk 23176823 1325.2.0 (beta) snapshot CoreOS coreos-beta true 20 6372321 5.10 x64 snapshot ...,https://github.com/digitalocean/doctl/issues/198,closed,,,0.000,no_high_confidence_signal
200,doctl/do: missing api calls,"I've found out that few API calls are missing from `doctl` as well as the `doctl/do`, mostly action related. ## General: - [x] Create `doctl/do` endpoints - [ ] Implement `doctl/commands` commands ## `doctl/do` ### DropletActions All `By...",https://github.com/digitalocean/doctl/issues/200,closed,,,0.000,no_high_confidence_signal
205,--volumes requires a UUID while all other options can handle names/slugs,I recently tried building a droplet using the following cli: ``` doctl compute droplet create meenirx --enable-ipv6 \ --enable-private-networking --image freebsd-11-0-x64-zfs \ --size 512mb --ssh-keys 1234567 --volumes volume-fra1-01 \ -...,https://github.com/digitalocean/doctl/issues/205,closed,,,0.000,no_high_confidence_signal
207,Cannot detach a volume from a droplet?,I have a droplet with a volume attached. I'm trying to detach the droplet and cannot with the command below. Am I doing something wrong? Thanks! ``` $ doctl compute volume list ID Name Size Region Droplet IDs 11180985-XXXX-XXXX-XXXX-0242...,https://github.com/digitalocean/doctl/issues/207,closed,,,0.000,no_high_confidence_signal
212,doctl should error when enabling monitoring on unsupported images,"I understand that the monitoring feature that has been [recently announced][1] is not supported on base images such as Fedora. However, if I `doctl compute d c XX --enable-monitoring --ssh-keys keyid ....`, it does create the droplet and...",https://github.com/digitalocean/doctl/issues/212,closed,,,0.000,no_high_confidence_signal
213,Show features enabled in droplet list table,"I was experimenting with monitoring on DigitalOcean and released that doctl doesn't explicitly show what features are enabled on the droplet. I think it would be nice if when listing the droplets, it shows which droplets have which featu...",https://github.com/digitalocean/doctl/issues/213,closed,,,0.000,no_high_confidence_signal
216,accept name of ssh key when specifying --ssh-keys from cli,Having to find the fingerprint and provide that to `doctl` is a bit of a pain. It would be a much better user experience if I were able to use the name of my key in the digitalocean interface instead of the fingerprint of the public key ...,https://github.com/digitalocean/doctl/issues/216,closed,,,0.000,no_high_confidence_signal
218,doctl/do/mocks: regenerating mocks causes tests to fail for load balancers,"Using the [`regenmocks.sh`](https://github.com/digitalocean/doctl/blob/master/scripts/regenmocks.sh) script provided with `doctl` causes Load Balancer tests to fail. Offended functions have one thing in general, they're using String Slic...",https://github.com/digitalocean/doctl/issues/218,closed,,,0.000,no_high_confidence_signal
219,Set TTL for domain record creation.,Is it possible to set the TTL when creating a domain record? current : `doctl compute domain records create shirtmullet.com --record-type A --record-name flask --record-data $server` would like : `doctl compute domain records create shir...,https://github.com/digitalocean/doctl/issues/219,closed,,,0.000,no_high_confidence_signal
227,Missed domain ID in compute domain command output,It looks like all `compute domain` commands family misses domain ID in their output: Env: OS: macOS 10.12.4 doctl: 1.6.0-release (via homebrew) ``` $ doctl compute domain list Domain TTL foo.com 1800 bar.net 1800 $doctl compute domain ge...,https://github.com/digitalocean/doctl/issues/227,closed,,,0.000,no_high_confidence_signal
230,Feature Request: Suggested doctl CLI Command from Create Droplet UI,"Similar to how GCP has a suggested ""oh you could use this command to create the same thing using `gcloud`"" link at the bottom of their VM instance create page, it would be great to have a suggested `doctl` command at the bottom of the cr...",https://github.com/digitalocean/doctl/issues/230,closed,,,0.000,no_high_confidence_signal
240,config.yaml file path on Windows,Looks like doctl use hardcoded path on user profile folder in its code. So on Windows XP it saves config.yaml in «C:\Users\Crow\AppData\Local\doctl\config\» folder (in my case) instead of «C:\Documents and Settings\MSI U100-455RU\Applica...,https://github.com/digitalocean/doctl/issues/240,closed,,,0.000,no_high_confidence_signal
242,Managing Firewalls and Network Resources,"Hi, Is there anyway to manage firewalls (CRUD) and other Network Resources using Doctl? Thanks!",https://github.com/digitalocean/doctl/issues/242,closed,,,0.000,no_high_confidence_signal
246,Default configuration path is inconsistent,"I am using version 1.7.0 on Linux. When ```$XDG_CONFIG_HOME``` is unset, doctl reads the configuration from ```$HOME/.config/doctl/config.yaml```. But when ```XDG_CONFIG_HOME=$HOME/.config```, doctl reads the configuration from ```$HOME/...",https://github.com/digitalocean/doctl/issues/246,closed,,,0.000,no_high_confidence_signal
248,doctl firewall and load-balancer create sometimes fail,`doctl compute load-balancer create` and `doctl compute firewall create` fail randomly one time out of a hundred. Example: ``` doctl compute load-balancer create --name foo-lb-mutant-production --algorithm round_robin --region ams3 --tag...,https://github.com/digitalocean/doctl/issues/248,closed,,,0.000,no_high_confidence_signal
250,Zsh completion,"Feature request: Zsh completion, similar to bash completion solved in #90",https://github.com/digitalocean/doctl/issues/250,closed,,,0.000,no_high_confidence_signal
251,doctl image list returns empty result,`doctl compute image list` returns no results: `ID Name Type Distribution Slug Public Min Disk` `doctl version` returns: `doctl version 1.7.0-release`,https://github.com/digitalocean/doctl/issues/251,closed,,,0.000,no_high_confidence_signal
252,401 Unable to authenticate you.,``` $ doctl auth init DigitalOcean access token: 1234 Validating token... OK $ doctl compute ssh-key list Error: GET https://api.digitalocean.com/v2/account/keys?page=1&per_page=200: 401 Unable to authenticate you. ```,https://github.com/digitalocean/doctl/issues/252,closed,,,0.000,no_high_confidence_signal
253,Transfer ownership of doctl snap to you,"[Previously](https://github.com/digitalocean/doctl/issues/136), snap support was discussed, and the [yaml](https://github.com/digitalocean/doctl/blob/master/snap/snapcraft.yaml) is now upstream. We have a snap in the store, which is main...",https://github.com/digitalocean/doctl/issues/253,closed,packaging,,0.000,only_secondary_labels
255,Would be nice if region list displayed available features,It would be nice if the region list command listed if the region list command displayed the available features for each region as reported by the [API](https://developers.digitalocean.com/documentation/v2/#regions). One big thing that wo...,https://github.com/digitalocean/doctl/issues/255,closed,,,0.000,no_high_confidence_signal
257,Misleading error messages when trying to create a Droplet with invalid SSH keys,Trying to create a droplet with `doctl` giving it fingerprints for SSH keys not attached to the account that I'm currently trying to us results in a misleading error message. Here is the command string I was trying to run ``` doctl compu...,https://github.com/digitalocean/doctl/issues/257,closed,wip,,0.000,only_secondary_labels
261,doctl compute image list-distribution command does not work,Hi there. Brand new user of doctl. I was looking to run a command to get the list of slugs for the various distributions that DO offers. Running the following command returns blank: doctl compute image list-distribution OR doctl compute ...,https://github.com/digitalocean/doctl/issues/261,closed,,,0.000,no_high_confidence_signal
265,"Feature Request: droplet-action by hostname, when possible","currently, if I need to bounce my box, I need two commands to reboot ``` # Find the int ID of the droplet doctl compute droplet ls | grep ""example.com"" # Use the ID above to run command on example.com (id 123456) doctl compute droplet-ac...",https://github.com/digitalocean/doctl/issues/265,closed,,,0.000,no_high_confidence_signal
266,Feature Request: Multiple Accounts,"I am not sure what it would look like for the command syntax, but multiple accounts would be an excellent feature. Personally, I set up all my clients on their own DO account, for billing purposes, so doctl is borderline unusable for qui...",https://github.com/digitalocean/doctl/issues/266,closed,,,0.000,no_high_confidence_signal
269,"error: snap ""doctl"" not found","Ubuntu 16.04 32 bit Why I am getting this error> error: snap ""doctl"" not found",https://github.com/digitalocean/doctl/issues/269,closed,,,0.000,no_high_confidence_signal
272,doctl compute droplet list: Support matching multi tags,Hello `doctl compute droplet list` currently only support matching a single tag. Could it be extended to support matching multi tags? I want to get the droplet with tag `k8s` (Kubernetes node) and `master` (Kubernetes master node). \- Kr...,https://github.com/digitalocean/doctl/issues/272,closed,,,0.000,no_high_confidence_signal
274,snaphots have a Name but no Slug,"it makes it tricky to treat a Snapshot the same as an Image, because it's currently not possible to set a snapshot's Slug (and the name is copied over). This also means that when passing a snapshot for the --image parameter, we need to r...",https://github.com/digitalocean/doctl/issues/274,closed,,,0.000,no_high_confidence_signal
275,Publish doctl to Docker Hub,"Is there any reason this isn't auto-published to Docker Hub on release? I'm unclear on why it needs to be built locally, it'd be great if I could just `docker run digitalocean/doctl`",https://github.com/digitalocean/doctl/issues/275,closed,packaging,,0.000,only_secondary_labels
276,why is there a sha256 mismatch for darwin 1.7.1?  and linux amd64,I tried download darwin 1.7.1 and the hash does not match. This is on a mac. **Disclaimer: I could very well have checked this incorrectly.** ```` (env) jluc@Downloads$ ls | grep darwin -rw-r--r--@ 1 jluc staff 72 28 Nov 14:28 doctl-1.7....,https://github.com/digitalocean/doctl/issues/276,closed,,documentation,0.700,below_min_confidence
283,doctl releases,Any plans to enhance the `doctl version` command to behave like `gcloud version` command so that it will automatically prompt if there was a newer version available and allow it to be updated. It would make it easier to ensure that we ar...,https://github.com/digitalocean/doctl/issues/283,closed,,,0.000,no_high_confidence_signal
285,Incorrect Volume Sizes Created,**Version** ``` doctl version 1.7.1-release ``` **Command** ``` doctl compute volume create storage01-00 --region nyc3 --size 500GB --desc storage01-00 ``` **Result** ``` ID Name Size Region Droplet IDs d17ac8f7-e78f-11e7-bff6-0242ac117a...,https://github.com/digitalocean/doctl/issues/285,closed,,,0.000,no_high_confidence_signal
289,domain records list flag --domain-name does nothing,```bash doctl compute domain records list -h Flags: --domain-name string Domain name ``` When I run the list command with the flag it returns the whole list of entries. ```bash doctl compute domain records list example.com --domain-name=...,https://github.com/digitalocean/doctl/issues/289,closed,,,0.000,no_high_confidence_signal
290,How to add multiple Volumes when creating a droplet.,"I've tried to do this --volumes [""some-volume-id"", ""some-volume-id2""] but it doesn't work. The docs and api isn't really clear and I can't find an example of how to do it.",https://github.com/digitalocean/doctl/issues/290,closed,,documentation,0.400,below_min_confidence
291,"doctl compute droplet list - does not show ""size slug""",Command `doctl compute droplet list` does not show in output the slug of the size the machine was originally started with. It should be the same slug from `doctl compute size list`. If the values for „ Memory VCPUs Disk ” do not match it...,https://github.com/digitalocean/doctl/issues/291,closed,,,0.000,no_high_confidence_signal
294,doctl auth init prompts for token even if flag is present,"```sh $ doctl version doctl version 1.7.1-release $ uname -a Darwin osx 15.6.0 Darwin Kernel Version 15.6.0: Tue Jan 9 20:12:05 PST 2018; root:xnu-3248.73.5~1/RELEASE_X86_64 x86_64 i386 MacBookAir6,2 Darwin $ echo $SHELL /usr/local/bin/z...",https://github.com/digitalocean/doctl/issues/294,closed,,,0.000,no_high_confidence_signal
297,Remove `completion` from auto completion,When typing out `doctl comp` and hitting tab `compute` does not immediately complete because `completion` is also an option. I think it's safe to not expect anyone to need to auto complete `completion`. ![image](https://user-images.githu...,https://github.com/digitalocean/doctl/issues/297,closed,,,0.000,no_high_confidence_signal
300,"Wildcard for ""--record-id"" in doctl ","Hello to everyone, I stumble upon a problem that unfortunately I did not find the solution. The thing is that I have to update the TTL of all the records of a domain to let's say ""3600"" I tried this approach doctl compute domain records ...",https://github.com/digitalocean/doctl/issues/300,closed,,,0.000,no_high_confidence_signal
306,Newer and last release version on snapcraft,"Hi, Since the last 1.8.0 release 8 days ago, the snap version is always the 1.7.0 version on snap store https://snapcraft.io/doctl. When will be available the last version ? Best regards. Mike",https://github.com/digitalocean/doctl/issues/306,closed,packaging,,0.000,only_secondary_labels
310,Dockerfile does not support SSH,The Dockerfile of this Repository does not allow the usage of the SSH command! Openssh is missing. here is a working example: ``` FROM alpine:3.5 ENV DOCTL_VERSION=1.8.0 RUN apk add --no-cache curl openssh RUN mkdir /root/.ssh/ ARG HOST_...,https://github.com/digitalocean/doctl/issues/310,closed,packaging,documentation,0.500,below_min_confidence
312,Snapshot ID,"When generating a snapshot, an ID is returned but it's not useful for future reference: ``` doctl compute droplet-action snapshot ######## --snapshot-name ""Doctl-Test1"" ID Status Type Started At Completed At Resource ID Resource Type Reg...",https://github.com/digitalocean/doctl/issues/312,closed,blocked,,0.000,only_secondary_labels
314,Suggestion: Show public images by default,"Hi, I think the required `--public` flag for `doctl image list` is a bit counterintuitive. It seems to have tripped up others in the past and this was changed for `list-distribution` and `list-application` in #280. I think it is a better...",https://github.com/digitalocean/doctl/issues/314,open,suggestion;version 2.x,enhancement,0.750,over_max_per_class
318,doctl,"What does doctl expand into: doctl - ""digital ocean command tree line"" or is it just a random name with no meaning behind it. I just can't see what it is in full.",https://github.com/digitalocean/doctl/issues/318,closed,,,0.000,no_high_confidence_signal
320,"error formating ""doctl compute volume list"" output","``` $ doctl version doctl version 1.8.0-release ``` Usage says : --format string Columns for output in a comma separated list. Possible values: ID,Name,Size,Region,Droplet IDs however : ``` $ doctl compute volume list --format ""ID,Drople...",https://github.com/digitalocean/doctl/issues/320,closed,,,0.000,no_high_confidence_signal
321,error attaching volume to droplet,``` $ doctl version doctl version 1.8.0-release ``` It seems I can't assign an existing volume to a new droplet while creating it Usage says : --volumes value Volumes to attach (default []) ``` $ doctl compute volume list ID Name Size Re...,https://github.com/digitalocean/doctl/issues/321,closed,,,0.000,no_high_confidence_signal
325,"Volume creation fails with `Error: strconv.ParseFloat: parsing """": invalid syntax`","```console $ doctl compute volume create --size ""10GiB"" --region lon1 doctl-test-volume create a volume Usage: doctl compute volume create <volume-name> [flags] Aliases: create, c Flags: --desc string Volume description --format string C...",https://github.com/digitalocean/doctl/issues/325,closed,,,0.000,no_high_confidence_signal
328,doctl snapshot snapshot-name parameter is not respected,Create a snapshot on a droplet with name MyDroplet and DropletID 97283253 ``` doctl compute droplet-action snapshot 97283253 --snapshot-name foo-bar ``` The snapshot gets created but it gets named `MyDroplet-1528914772` even though I spe...,https://github.com/digitalocean/doctl/issues/328,closed,,,0.000,no_high_confidence_signal
329,Build-from-source misreports version,"If you build from source, you get misleading version output as the version reported is hardcoded in `doit.go`: ``` // DoitVersion is doit's version. DoitVersion = Version{ Major: 1, Minor: 7, Patch: 2, Label: ""stable"", } ```` Suggested f...",https://github.com/digitalocean/doctl/issues/329,closed,,,0.000,no_high_confidence_signal
332,weird ssh terminal emulation on Windows (i.e. backspace broken),"When using `doctl compute ssh <dropletname>` on Windows, I'm getting weird terminal emulation behavior. For example, pressing backspace prints the character `[K`, executing a `clear` (clear screen) prints the characters `[3J[H[2J`. S...",https://github.com/digitalocean/doctl/issues/332,closed,windows,,0.000,only_secondary_labels
333,Tags are cached new ones are not created with case differences,"If i create a droplet with the tag ""MY-TAG"" and remove this droplet when creating a new droplet with the tag ""my-tag"" the previous uppercase tag is applied. To reproduce: ``` doctl compute droplet create my-droplet \ --image ubuntu-16-04...",https://github.com/digitalocean/doctl/issues/333,closed,,,0.000,no_high_confidence_signal
334,Configuration file placement warning is issued when 'cwd' is ~/.config/doctl,"I came across a very minor issue where doctl will issue a warning if run from the config file directory. $ cd .config/doctl $ doctl compute droplet list Warning: Configuration detected at ""config.yaml"". Please move config.yaml to /home/p...",https://github.com/digitalocean/doctl/issues/334,closed,,,0.000,no_high_confidence_signal
335,Feature Request: doctl compute domain create <domain> --droplet-name <droplet-name>,Currently I see no way to fetch and store the IP address from a newly created droplet in order to automate the droplet creation and setting up a domain. My suggestion is this; add the functionality to specify a droplet name when you are ...,https://github.com/digitalocean/doctl/issues/335,open,suggestion,enhancement,1.000,over_max_per_class
337,Update snap & metadata,Hi. It seems the snap of doctl is a little outdated. Can it be updated to 1.8.3? ``` channels: stable: 1.8.2 (15) 3MB - candidate: 1.6.0 (2) 3MB - beta: 1.6.0 (2) 3MB - edge: 1.7.0 (13) 3MB - alan@hal:~$ ``` I'd recommend closing the non...,https://github.com/digitalocean/doctl/issues/337,closed,,,0.000,no_high_confidence_signal
340,Support --format for load balancer commands,Not able get view loadbalancer and looks like there is no option to filter. ``` $ > doctl compute load-balancer ls ID IP Name Status Created At Algorithm Region Tag Droplet IDs SSL Sticky Sessions Health Check Forwarding Rules xxxxxxxxxx...,https://github.com/digitalocean/doctl/issues/340,closed,,,0.000,no_high_confidence_signal
341,Command doctl compute ssh-key import does not work in Alpine,I used the Dockerfile (image Alpine:3.5 ) from this repo. Then I tried to import a public key to DO and got an error: `doctl compute ssh-key import ci_key --public-key-file ~/.ssh/id_rsa.pub` `Error: open : no such file or directory` The...,https://github.com/digitalocean/doctl/issues/341,closed,,,0.000,no_high_confidence_signal
344,Missing binaries for v1.9.0,"Hello, I maintain the Arch Linux package for doctl. I've noticed that there are binaries missing in the Release section for v1.9.0. Could those be added for ease of use? Thank you!",https://github.com/digitalocean/doctl/issues/344,closed,,,0.000,no_high_confidence_signal
347,--user-data-file Error,"Hello, I tried using the doctl API for Digitalocean but when i create a Droplet with the --user-data-file flag i get the following error : ""Error: open script.sh: permission denied"" ! Can anyone Help me with this problem please ? Thank y...",https://github.com/digitalocean/doctl/issues/347,closed,packaging,,0.000,only_secondary_labels
358,Delete a volume.,"Hello, I'm having a problem with the platform. I am trying to delete a volume only ever error. I wonder what I should do. I tried deleting the volumes using doctl and nothing just appears the following error: doctl compute volume delete ...",https://github.com/digitalocean/doctl/issues/358,closed,,,0.000,no_high_confidence_signal
359,"Add ""detach"" and ""attach"" functionality for Volumes","As shown in #358, users cannot delete a volume until it has been detached from the Droplet first. However, `doctl` doesn't support `detach` or `attach` for Volumes at this moment. Adding these features would allow users to more seamlessl...",https://github.com/digitalocean/doctl/issues/359,closed,,,0.000,no_high_confidence_signal
360,Kubernetes support ?,I was wondering if/when doctl would support interfacing with your managed Kubernetes offering. Thanks in advance for any information :),https://github.com/digitalocean/doctl/issues/360,closed,,,0.000,no_high_confidence_signal
366,--ip-address should be optional in doctl compute domain create,"The flag `--ip-address` is required in `doctl compute domain create`: ``` create domain Usage: doctl compute domain create <domain> [flags] Aliases: create, c Flags: --format string Columns for output in a comma separated list. Possible ...",https://github.com/digitalocean/doctl/issues/366,closed,,documentation,0.400,below_min_confidence
368,Make doctl available on MacPorts,MacPorts is a package manager on macOS - alternative to brew.,https://github.com/digitalocean/doctl/issues/368,closed,help wanted;packaging,,0.000,only_secondary_labels
378,Exclude access token from config file if defined in environment variable,"I like to keep my config files in a private GitHub repo so that I can track the changes I make to them. However, `doctl` makes this difficult because the access token is included in `~/.config/doctl/config.yaml`. I deleted the file and i...",https://github.com/digitalocean/doctl/issues/378,closed,,,0.000,no_high_confidence_signal
381,Node sized differs in doctl and webUI,Hi. I am using doctl `1.12.0-release`. Here's output of size list command ``` doctl compute size list  ✔  1432  21:56:15 Slug Memory VCPUs Disk Price Monthly Price Hourly 512mb 512 1 20 5.00 0.007440 s-1vcpu-1gb 1024 1 25 5.00 0.00744...,https://github.com/digitalocean/doctl/issues/381,closed,,,0.000,no_high_confidence_signal
385,doctl ssh fails due to unrelated config options in .ssd/config,I see the following failure with unrelated jumphost configurations for other hosts: ``` % doctl compute ssh dropletname --ssh-key-path ~/.ssh/id_rsa /home/xyz/.ssh/config: line 66: Bad configuration option: proxyjump /home/xyz/.ssh/confi...,https://github.com/digitalocean/doctl/issues/385,closed,,,0.000,no_high_confidence_signal
386,Zsh completion errors,"I get the following error when typeing `doctl complete` and then hit `TAB`: ``` _doctl_compute:14: bad math expression: operand expected at `""d""' ``` Completion activated with ``` source <(doctl completion zsh) ``` doctl version (local i...",https://github.com/digitalocean/doctl/issues/386,closed,,,0.000,no_high_confidence_signal
390,updating the snap,snap find doctl Name Version Publisher Notes Summary doctl 1.9.0 digitalocean✓ - DigitalOcean command line tool Could this be brought up to the latest?,https://github.com/digitalocean/doctl/issues/390,closed,packaging;snap;wip,,0.000,only_secondary_labels
394,Setting Kubernetes context on first config save,"When the config saved with the `doctl kubernetes cluster kubeconfig save <cluster-id|cluster-name>` command, the saved configuration has the `current-context` as empty, while the `show` command uses the cluster context in the output mess...",https://github.com/digitalocean/doctl/issues/394,closed,suggestion,enhancement,0.750,over_max_per_class
395,The renew command in warning is missing cluster,"When I run `doctl k8s cluster create` command the command I see the following warning which is useful but the command seems to be wrong. ``` Warning: cluster credentials will expire on <DATETIME>, renew with: ""doctl k8s kubeconfig save <...",https://github.com/digitalocean/doctl/issues/395,closed,,,0.000,no_high_confidence_signal
399,"fetching of Kubernetes credentials / configuration fails occasionally with a ""500 Server Error""","When you create a Kubernetes cluster, doctl fetches the configuration and integrates it into the user kubeconfig file. I noticed that this operation is failing occasionally with a HTTP 500 error. Example: ``` $ doctl kubernetes cluster c...",https://github.com/digitalocean/doctl/issues/399,closed,,,0.000,no_high_confidence_signal
405,k8s: something not quite right with config,"If I use the kubernetes config downloaded by doctl, I can't subsequently use `kompose` but if I download the config file from the GUI it works fine. Download k8s config ```bash DIGITALOCEAN_ENABLE_BETA=1 doctl k8s cluster kubeconfig save...",https://github.com/digitalocean/doctl/issues/405,closed,,,0.000,no_high_confidence_signal
406,"Add command ""Add ssh key to droplet""",For example: `doctl compute droplet-action add-ssh-key <droplet-id> --shh-key <dir-or-ssh-keyvalue>`,https://github.com/digitalocean/doctl/issues/406,closed,,,0.000,no_high_confidence_signal
407,Database support ?,I was wondering if/when doctl would support interfacing with your managed database offering. Thanks in advance for any information :),https://github.com/digitalocean/doctl/issues/407,closed,api-parity,enhancement,0.750,over_max_per_class
411,"When switching to or creating a new auth context, all previously stored contexts are lcased","If you `doctl auth init --context Dog` it is initially stored with case sensitivity. However, If you switch to another context `doctl auth switch default` or `doctl auth init --context Cat` all the `auth-contexts` stored in _~/.config/do...",https://github.com/digitalocean/doctl/issues/411,open,Needs Investigation,,0.000,only_secondary_labels
419,Unable to run doctl 1.14.0 on MacOS ,"Environment: - OS: MacOS Mojave, 10.14.3 - Shell: zsh - doctl: 1.14.0 (downloaded from GitHub, doctl-1.0.1-darwin-10.6-amd64.tar.gz ) Running `doctl version` results in the following error: ```failed MSpanList_Insert 0xbba000 0x24ae2e602...",https://github.com/digitalocean/doctl/issues/419,closed,,,0.000,no_high_confidence_signal
420,Create a Volume from a Snapshot,"I have been working on backup solution which is based on volume snapshots... So, is it possible to create a volume from already created volume snapshot using `doctl`?",https://github.com/digitalocean/doctl/issues/420,closed,api-parity;enhancement;good first issue,enhancement,0.750,over_max_per_class
424,Allow upgrading Kubernetes Cluster Version,I've been looking for a way to upgrade the kubernetes version of a cluster. Is this possible? As well as other debugging tasks - e. g. * View master logs * Restart master,https://github.com/digitalocean/doctl/issues/424,closed,,,0.000,no_high_confidence_signal
425,--ssh-private-ip does not work,"When i use: `doctl compute ssh <droplet-id> --ssh-private-ip <droplet-private-ip>` on droplet with private ip enabled, command line just freezes and nothing happens What am i doing wrong?",https://github.com/digitalocean/doctl/issues/425,closed,question,question,0.300,below_min_confidence
432,Wait for for having an attributed IP to a droplet on creation,It would be nice if `doctl compute create droplet` would wait for the new droplet to be active to return the table with the attributed IP addresses,https://github.com/digitalocean/doctl/issues/432,closed,,,0.000,no_high_confidence_signal
441,ARM version,I'd love to use doctl from my RaspberryPi. Will you make an ARM version?,https://github.com/digitalocean/doctl/issues/441,closed,,,0.000,no_high_confidence_signal
445,Cleanup Kubernetes code with a shared struct,This is in reference to the discussion in #440. We need to clean up the code base by creating a shared struct to define private methods with scope of passed in arguments.,https://github.com/digitalocean/doctl/issues/445,closed,,,0.000,no_high_confidence_signal
446,Suggestion: Show the completion command in help,I noticed that the help text does not show completion as an available command. I had to search for it and read the read me to know the command exists. I think it would be helpful to other users to find in directly in help,https://github.com/digitalocean/doctl/issues/446,closed,,,0.000,no_high_confidence_signal
448,Kubernetes authentication error,"Environment - `doctl` version 1.18.0-release - MacOS 10.13.6 - doctl installed with `brew` After running `doctl kubernetes cluster kubeconfig save example-cluster-01` to apply K8s cluster configs to the ~/.kube/config file, performing an...",https://github.com/digitalocean/doctl/issues/448,closed,,,0.000,no_high_confidence_signal
449,Feature Request: Add custom known_hosts file to doctl compute ssh,"As the title already says, I'd like to specify a custom `known_hosts` file as I would do with ```bash > ssh -o UserKnownHostsFile=/tmp/known_hosts user@123.123.123.123 ``` Currently the `doctl compute ssh` command does not support this. ...",https://github.com/digitalocean/doctl/issues/449,open,suggestion,enhancement,1.000,over_max_per_class
451,Determine config file's default location at runtime,"Currently `doctl`'s help output specifies that the default location of the config file is `$HOME/.config/doctl/config.yaml` ``` -c, --config string config file (default is $HOME/.config/doctl/config.yaml) ``` This is hardcoded at: https:...",https://github.com/digitalocean/doctl/issues/451,closed,good first issue;wip,,0.000,only_secondary_labels
457,"Snap saves kubeconfig file in ""/home/user/snap/doctl/39/.kube/config"" when you run ""doctl kubernetes cluster kubeconfig save cluster-name""",,https://github.com/digitalocean/doctl/issues/457,closed,bug;snap;wip,bug,0.750,over_max_per_class
458,doctl auth init token validated but error from kubectl,"``` $ doctl version doctl version 1.19.0-dev release 1.19.0 is available, check it out! $kubectl version Error: unable to initialize DigitalOcean api client: access token is required. (hint: run 'doctl auth init') Client Version: version...",https://github.com/digitalocean/doctl/issues/458,closed,snap,,0.000,only_secondary_labels
459,"kubeconfig save, exec-credential not aware of context","**Actual behaviour / how to reproduce** When authenticated for the first time with `doctl auth init` it uses the `default` context, which is expected. You can then call `doctl kubernetes cluster kubeconfig save CLUSTER_NAME` and it will ...",https://github.com/digitalocean/doctl/issues/459,closed,bug,bug,0.700,below_min_confidence
461,doctl k8s cluster get <clustername> not working for cluster with long name,"when I am creating a cluster with a long name ""doctl k8s cluster get $CLUSTER"" not working, but in list command it is showing the cluster doctl k8s cluster get $CLUSTER Error: GET https://api.digitalocean.com/v2/kubernetes/clusters/f8291...",https://github.com/digitalocean/doctl/issues/461,closed,bug,bug,1.000,over_max_per_class
462,doctl compute ssh ask for password with provided passwordless key,"Hi, When I try: ``` C:\Users\Niki\Downloads>.\doctl.exe compute ssh ubuntu@dsk3.nikigmtest ubuntu@104.248.yyy.xxx's password: ``` The prompt should not appear: 1. There is no password set for the account, only public key access 2. I have...",https://github.com/digitalocean/doctl/issues/462,open,windows,,0.000,only_secondary_labels
464,Add message listing orphaned resources on successful Droplet destroy,"Following successful destruction of a droplet(s), an additional message should display that informs the user of any resources that were attached, and are now unassigned. This includes: -Snapshots -Volumes -Domains -FLIPs",https://github.com/digitalocean/doctl/issues/464,open,enhancement,enhancement,0.750,over_max_per_class
476,snap installation fails on plug connect,"ubuntu 19.04 with snap installing version 1.20.0, 1.20.1 is not available yet failes with sudo snap connect doctl:doctl-config sudo snap connect doctl:kubectl-config fail with the message error: snap ""doctl"" has no plug named ""doctl-conf...",https://github.com/digitalocean/doctl/issues/476,closed,,,0.000,no_high_confidence_signal
479,`doctl copute volume ls -o json` returns null.,~~~command $ doctl compute volume ls -o json null $ doctl compute load-balancer ls -o json [] ~~~,https://github.com/digitalocean/doctl/issues/479,closed,,,0.000,no_high_confidence_signal
480,error passing one command result to another,"I ran the following: ``` doctl compute tag delete <(doctl compute tag list --format ""Name"" --no-header) ``` to delete all the tags on our account. The error reported was: ``` Error: DELETE https://api.digitalocean.com/v2/tags//dev/fd/11:...",https://github.com/digitalocean/doctl/issues/480,closed,,,0.000,no_high_confidence_signal
485,Invalid Windows binaries v1.21.0,1.21.0's windows binary is invalid. ![image](https://user-images.githubusercontent.com/10661937/61180976-76c58880-a5ed-11e9-86ed-0f8aa64e5432.png) ![image](https://user-images.githubusercontent.com/10661937/61180979-847b0e00-a5ed-11e9-86...,https://github.com/digitalocean/doctl/issues/485,closed,,,0.000,no_high_confidence_signal
495,doctl not deleting snapshots,"I created a bash script to automate a daily snapshot creation, and keep the 5 oldest snapshots and delete the rest. Initially I was having trouble with the creation, until I saw this article [https://github.com/digitalocean/doctl/issues/...",https://github.com/digitalocean/doctl/issues/495,closed,,,0.000,no_high_confidence_signal
496,doctl incorrectly reports that a newer version is available,"As pointed out in #495, doctl incorrectly points out that a new version is available despite being on the latest release. This is because the current build was built with the `dev` label rather than the `release` one. This looks to be ca...",https://github.com/digitalocean/doctl/issues/496,closed,bug,bug,0.750,over_max_per_class
500,Changelog generation script doesn't always include all changes,"The changelog generation script appears to have an issue where any pull request opened before the previous release isn't included, even if it's merged after the previous release. This appears to be related to how `github-release-notes` p...",https://github.com/digitalocean/doctl/issues/500,closed,,,0.000,no_high_confidence_signal
504,Backups are given snapshot IDs but do not delete,"This is essentially connected to [#495](https://github.com/digitalocean/doctl/issues/495), after using the newest version (1.22.0), I was still noticing the snapshots were not being deleted. After much work to find the RCA, I found the b...",https://github.com/digitalocean/doctl/issues/504,open,do-api,,0.000,only_secondary_labels
507,"v1.23.0 binaries named with extra "".exe""",The assets for v1.23.0 all have an extra .exe included in there. Example: `doctl-1.23.0-linux-amd64.exe.tar.gz` Thanks for providing these!,https://github.com/digitalocean/doctl/issues/507,closed,,,0.000,no_high_confidence_signal
509,missing .exe,"Windows versions for 1.22 and 1.23 are missing the .exe in the filename. The file, as it exists now, is just doctl and not doctl.exe. This is confirmed by adding the .exe and the file then runs.",https://github.com/digitalocean/doctl/issues/509,closed,,,0.000,no_high_confidence_signal
543,Add `--wait` for `doctl compute volume-action detach`,"If I try to detach a volume and directly delete the volume, like: ```bash doctl compute volume-action detach e006f5db-b771-11e9-81c6-0a58ac1480e9 153758675 ID Status Type Started At Completed At Resource ID Resource Type Region 736224698...",https://github.com/digitalocean/doctl/issues/543,closed,enhancement,enhancement,0.750,over_max_per_class
546,doctl compute droplet list ordering,"First off, thanks for this fantastic tool - the DO platform and offerings are very developer friendly - much appreciated. This is more of a question than an issue, but I'm not sure if there's a better place to post it. Is there a way to ...",https://github.com/digitalocean/doctl/issues/546,closed,,,0.000,no_high_confidence_signal
547,Implement `--wait` on all delete actions?,"As a follow up from #543 I am wondering if the `--wait` could be implemented in all deletes? Or I need to do some extra checks when deleting stuff, for example: ``` doctl projects list --no-header --format ID,Name Selected project ID: 9f...",https://github.com/digitalocean/doctl/issues/547,open,enhancement,enhancement,1.000,over_max_per_class
556,Is there any way to list all the contexts,"I see we have two command `doctl auth init` and `doctl auth switch`. Is there any command to list all the context, or is this is valid question to ask of. How to manage multiple contexts for DO ?",https://github.com/digitalocean/doctl/issues/556,closed,,,0.000,no_high_confidence_signal
561,Use new repo for uuid,It seems [github.com/pborman/uuid](https://github.com/pborman/uuid) is moved to [github.com/google/uuid](https://github.com/google/uuid). Old repo isn't updated for some time but new repo gets features/bug fixes.,https://github.com/digitalocean/doctl/issues/561,closed,,,0.000,no_high_confidence_signal
568,Duplicated `docker pull` instructions on GitHub releases,"Starting with the [v1.29.1](https://github.com/digitalocean/doctl/releases/tag/v1.29.1) release, the GitHub release page contains duplicated `docker pull` instructions, listing each tag twice. E.g. ![Selection_999(1336)](https://user-ima...",https://github.com/digitalocean/doctl/issues/568,closed,,documentation,0.700,below_min_confidence
569,format ignored when output is json,"``` doctl compute volume list --format ID,Name -o json ``` Will display everything ignoring the formatting. While the default ``` doctl compute volume list --format ID,Name -o text ``` Will list only ID and Name",https://github.com/digitalocean/doctl/issues/569,closed,,,0.000,no_high_confidence_signal
573,doctl auth init: Error: unable to read DigitalOcean access token: The handle is invalid.,There is a problem with initial authentication using following doctl command: `> doctl auth init` `DigitalOcean access token: Error: unable to read DigitalOcean access token: The handle is invalid.` doctl doesn't create config at `\AppDa...,https://github.com/digitalocean/doctl/issues/573,closed,bug;windows,bug,1.000,over_max_per_class
578,Can't add API Token,"On Windows 10, I've added `doctl` the the system path, but when I run `doctl auth init`, I get this error: ``` PS C:\Users\joshl> doctl auth init DigitalOcean access token: Error: unable to read DigitalOcean access token: The handle is i...",https://github.com/digitalocean/doctl/issues/578,closed,,,0.000,no_high_confidence_signal
591,`mkdir: permission denied` upon first usage,What I did: 1. Create a new droplet (image id `docker-18-04`) 1. Install doctl (`snap install doctl`) 1. Create a new user and change to said user 1. Execute any doctl command (e.g. `/snap/bin/doctl compute droplet delete 123 --access-to...,https://github.com/digitalocean/doctl/issues/591,closed,snap,,0.000,only_secondary_labels
595,kubectl cannot load credentials from doctl,To use DO access token in CI you need the DIGITALOCEAN_ACCESS_TOKEN env. Kubectl cannot get the token I guess. Setup: - Bitbucket pipelines - DO Kuberenetes **Reproduce with image atlassian/default-image:2:** `curl -LO https://storage.go...,https://github.com/digitalocean/doctl/issues/595,closed,,,0.000,no_high_confidence_signal
604,doctl auth : no such file,"On Macos, when I run `$ doctl auth init` I have this stak : DigitalOcean access token: Validating token... OK Error: open .../Library/Application Support/doctl/config.yaml: no such file or directory. doctl version : 1.32.0-release",https://github.com/digitalocean/doctl/issues/604,closed,,,0.000,no_high_confidence_signal
630,create droplet in a specific project,"digitalocean can group droplets into ""projects"". ""doctl compute droplet create"" will create droplets into the default project. how can I create a droplet in a specific project?",https://github.com/digitalocean/doctl/issues/630,closed,do-api;enhancement,enhancement,0.750,over_max_per_class
654,-bash: /usr/local/bin/geth: cannot execute binary file,Cannot geth in the command line. On Mac OSX Catalina. Need some help here. Any reason?,https://github.com/digitalocean/doctl/issues/654,closed,,,0.000,no_high_confidence_signal
656,Context switch not persisted,I've just upgraded to latest doctl and now my context are broken: ``` $ doctl version doctl version 1.32.3-release $ doctl auth switch --context xxx Now using context [xxx] by default $ doctl k8s clusters list ID Name Region Version Auto...,https://github.com/digitalocean/doctl/issues/656,closed,,,0.000,no_high_confidence_signal
659,Context switching issues,"I am not sure if I am doing it wrong, but the auth switching feature does not work as expected for me. ### 1. Possible bug: `DIGITALOCEAN_CONTEXT` not working Following [these instructions][1], I understand that setting the `DIGITALOCEAN...",https://github.com/digitalocean/doctl/issues/659,closed,,,0.000,no_high_confidence_signal
663,Support resource names instead of IDs in more places,"Hi, As I am trying to create my own DigitalOcean provisioning automation using doctl, I find myself having to create more complicated scripts due to the fact that some (most?) of the doctl commands - when they refer to a specific resourc...",https://github.com/digitalocean/doctl/issues/663,open,enhancement;suggestion,enhancement,0.750,over_max_per_class
667,Ability to add more than one API token,"It would be really nice to be able to use more than one API token. We have the majority of our clients in one project, but a few want to have their own account, and they just give us team access. Unfortunately my API token is team specif...",https://github.com/digitalocean/doctl/issues/667,closed,,,0.000,no_high_confidence_signal
670,does doctl support switching between teams?,I have an account A that was added to Team T. I can manage projects and K8s clusters that were created under team T Now I want to mange K8s clusters in my own account A. Even though I have added auth context I can't seem to switch them. ...,https://github.com/digitalocean/doctl/issues/670,closed,troubleshooting,question,0.450,below_min_confidence
671,No custom image after creating one,``` $ doctl compute image create \ --region sfo2 \ --image-name talos-digital-ocean-tutorial \ --image-url https://talos-tutorial.sfo2.digitaloceanspaces.com/digital-ocean.tar.gz \ --image-distribution talos \ Talos ID Name Type Distribu...,https://github.com/digitalocean/doctl/issues/671,closed,,,0.000,no_high_confidence_signal
692,tar: invalid magic when building docker image,"Howdy, I am trying to build the docker image and received this error: ``` user@pc:~/go/src/github.com/digitalocean/doctl$ docker build --tag=doctl . Sending build context to Docker daemon 48.41MB Step 1/8 : FROM alpine:3.8 ---> dac705114...",https://github.com/digitalocean/doctl/issues/692,closed,troubleshooting,,0.000,only_secondary_labels
699,Add tab completion for resource names,Example: `doctl kubernetes cluster kubeconfig save [tab]` would suggest existing clusters to tab complete. `kubectl` does this for all existing resources. Looks like the implementation is [here](https://github.com/kubernetes/kubernetes/b...,https://github.com/digitalocean/doctl/issues/699,open,enhancement,enhancement,1.000,over_max_per_class
703,Support configuring new auth context without interactivity,"In some cases, it can be useful to configure `doctl` non-interactively. Currently, we support this when setting up the default context. For example, running the following will validate the token and add it to the `doctl` config file with...",https://github.com/digitalocean/doctl/issues/703,open,Needs Investigation,,0.000,only_secondary_labels
709,permissions error with doctl snap accessing docker,doctl is unable to access docker to authenticate to the registry when installed via snap. ``` $ doctl registry login Error: unable to find the Docker CLI binary. Make sure docker is installed ``` But docker is installed via snap ``` $ do...,https://github.com/digitalocean/doctl/issues/709,closed,packaging;snap,,0.000,only_secondary_labels
711,Support Trusted Sources in Managed Database?,"The API supports updating a database cluster's firewall rules (known as ""trusted sources"" in the control panel). Is there a plan/timeline to include this functionality in doctl? Related Links: - https://github.com/digitalocean/api-v2/iss...",https://github.com/digitalocean/doctl/issues/711,closed,api-parity,enhancement,0.750,over_max_per_class
720,Not able to add droplet IP to known_hosts on Linux,I installed doctl trough snap ```sudo snap install doctl``` and then I give it permissions ```sudo snap connect doctl:ssh-keys :ssh-key```. But if I try to enter to my droplet via doctl using ```doctl compute ssh _droplet-name_``` it fai...,https://github.com/digitalocean/doctl/issues/720,open,Needs Investigation;snap,,0.000,only_secondary_labels
722,`kubectl cluster create` gotchas (for me at least!),"`doctl` and the Golang SDK are both very good, thanks! Playing around with `doctl` today, I encountered some gotchas. ```bash doctl version doctl version 1.36.0-release Git commit hash: 5233d90 ``` While these are undoubtedly user errors...",https://github.com/digitalocean/doctl/issues/722,closed,troubleshooting,,0.000,only_secondary_labels
725,Feature Request: add SSH key to existing droplet,"There may be `doctl`, but no `ssh` access for droplet. Therefore it would be convenient to add SSH keys for existing droplet. Rerated to: #406",https://github.com/digitalocean/doctl/issues/725,open,do-api;suggestion,enhancement,1.000,over_max_per_class
726,No protocol in firewall creation,**Describe the Issue:** Can't create firewall. `doctl` filters out my protocol fields. **Environment:** - doctl version: 1.36.0-release - OS: macOS Catalina - Installation method: Homebrew **Additional Details:** Here is command: ``` doc...,https://github.com/digitalocean/doctl/issues/726,closed,bug,bug,0.750,over_max_per_class
730,WINDOWS VERSION? We dont all run mac you know,"Alot of tutorials including your own specify using this tool, and yet it has no Windows version??? We all not yuppies with macs. Please make this tool Windows capable.",https://github.com/digitalocean/doctl/issues/730,closed,bug,bug,0.750,over_max_per_class
734,Error: user: Current requires cgo or $HOME set in environment,I'm not sure whether this is the correct place to report this. Just calling doctl gives this error. ``` Error: user: Current requires cgo or $HOME set in environment ``` OS: Ubuntu 19.10 Installed doctl via snap snap info doctl ``` name:...,https://github.com/digitalocean/doctl/issues/734,closed,Needs Investigation,,0.000,only_secondary_labels
751,Provide Debian package repository,"**Describe the Issue:** I use Pop_OS!, which uses `apt` as a package manager. I have installed `doctl` by downloading it once from the GitHub releases page. So far tt works great for me, but I’m not getting any updates. There are more di...",https://github.com/digitalocean/doctl/issues/751,open,packaging,,0.000,only_secondary_labels
752,Access denied on ~/.kube/.lock,"**Describe the Issue:** While trying to generate a kube config using the latest snap, there is an access denied error: > Error: open .lock: permission denied even though the kube-config plug is connected by ` sudo snap connect doctl:kube...",https://github.com/digitalocean/doctl/issues/752,open,bug;packaging,bug,1.000,over_max_per_class
763,Feature Request: Upload files/tar to spaces,"It would be nice to create build artifacts that we can upload straight to spaces in our CI/CD pipeline (github actions for instance), with the ability to tar directories or upload single files. An optional flag `--mount-path=""/path/in/sp...",https://github.com/digitalocean/doctl/issues/763,closed,,,0.000,no_high_confidence_signal
771,[QUESTION] how to restore volume created with doctl?,**Describe the Issue:** Not sure if this is the right place to ask. :) I made a script that creates a snapshot of every given volume. This script gets executed with a cronjob in our cluster. For the snapshots I use: `doctl compute volume...,https://github.com/digitalocean/doctl/issues/771,closed,bug,bug,0.600,below_min_confidence
773,"Wait for initialization, with cloud-init","Hi, Using `--wait` switch allow us to wait until `droplet` is available. Is there a way to wait for its setup, preferably with *cloud-init* ? I mean I am setuping my `droplets`, with *cloud-init*, and I want to wait until the process has...",https://github.com/digitalocean/doctl/issues/773,closed,,,0.000,no_high_confidence_signal
790,Database Connection Flags,"At DigitalOcean Database panel, you can get the `mysql -u...` command snipped, which is called `Flags` on the `Connection Details` section. With `doctl` i wasn't able to find a way to print that for me, i know i can use `--output=json | ...",https://github.com/digitalocean/doctl/issues/790,open,do-api;suggestion,enhancement,0.750,over_max_per_class
791,Allow for setting expiry time for `kubernetes cluster kubeconfig` commands,"When I'm using `doctl` as part of a CI/CD process, I want to be able to set a custom expiration time when calling `kubernetes cluster kubeconfig {save,show}` so that I can feel secure and not have long lived API tokens that need to be ma...",https://github.com/digitalocean/doctl/issues/791,closed,api-parity;enhancement,enhancement,1.000,over_max_per_class
793,kubernetes node-pool errors,"**Problem 1:** I used the following command: `doctl kubernetes cluster create cluster-name --region ams3 --node-pool name=your-name;size=-1vcpu-2gb;count=1` However, the count seems not to work because 3 nodes were created. Note: as you ...",https://github.com/digitalocean/doctl/issues/793,closed,bug,bug,0.750,over_max_per_class
794,doctl bh design,This is a comment for something that bothers me. The command billing-history only has the option `list`. Which means that `doctl bh` alone should do the work. I hope that you're trying to put more commands in order to get consumption fro...,https://github.com/digitalocean/doctl/issues/794,open,suggestion,enhancement,0.750,over_max_per_class
795,node not deleted with kubectl delete,"Yesterday I created a node pool with the parameters `min=1` and `max=2`. Since at the beginning they were 2 nodes, I decided to force deletion (instead of waiting automatic deletion), I did it with `kubectl delete nodes name-38wa7` where...",https://github.com/digitalocean/doctl/issues/795,closed,bug,bug,0.750,over_max_per_class
799,Do not use this digitalocean!,"Hi. I have been waiting for VPC functional for several weeks. #415 When it was added, I immediately used it in my project. And Digitalocean blocked my account without explaining the reasons and did not tell me anything. I lost work on wh...",https://github.com/digitalocean/doctl/issues/799,closed,bug,bug,0.750,over_max_per_class
802,Droplets: Add support for specifying a VPC,"**What is the problem this feature would solve? Please describe.** When I create a new Droplet using `doctl`, I want to be able to specify which VPC it should belong to. **Describe the solution you'd like** The `doctl compute droplet cre...",https://github.com/digitalocean/doctl/issues/802,closed,api-parity,enhancement,1.000,over_max_per_class
803,load balancers: Add support for specifying a VPC,"**What is the problem this feature would solve? Please describe.** When I create a new load balancer using `doctl`, I want to be able to specify which VPC it should belong to. **Describe the solution you'd like** The `doctl compute load-...",https://github.com/digitalocean/doctl/issues/803,closed,api-parity;suggestion,enhancement,1.000,over_max_per_class
804,databases: Add support for specifying a VPC ,"**What is the problem this feature would solve? Please describe.** When I create a new database cluster using `doctl`, I want to be able to specify which VPC it should belong to. **Describe the solution you'd like** The `doctl databases ...",https://github.com/digitalocean/doctl/issues/804,closed,api-parity,enhancement,1.000,over_max_per_class
809,doctl compute ssh fails on ubuntu 20.04 with snap,"**Describe the Issue:** `doctl compute ssh` fails on a nearly-vanilla ubuntu 20.04 system 1. Install doctl in the recommended way from a snap on a nearly-vanilla ubuntu 20.04 2. log in with `doctl auth init` 3. try to ssh into a server, ...",https://github.com/digitalocean/doctl/issues/809,closed,bug;snap,bug,1.000,over_max_per_class
817,I am unable to automatically remove Access Tokens generated by doctl registry auth,"**Describe the Issue:** In my pipeline, I get access to my docker registry with the command _doctl registry login_. This generates an API Token, which never expires (oldest is 19 days, so I assume it doesn't expire). For every pipeline r...",https://github.com/digitalocean/doctl/issues/817,closed,bug,bug,0.750,over_max_per_class
818,Have doctl registry logout delete access token generated by doctl registry login,"**What is the problem this feature would solve? Please describe.** In my pipeline, I get access to my docker registry with the command _doctl registry login_. This generates an API Token, which never expires (oldest is 19 days, so I assu...",https://github.com/digitalocean/doctl/issues/818,closed,suggestion,enhancement,0.750,over_max_per_class
821,I cannot set the expiry time for doctl auth init generated tokens,"Describe the Issue: I use **doctl auth init** in my pipeline to grant helm access to our cluster. The access token that is generated expires after a week, but I wish I could have more short-lived access tokens. i.e. 1 hour, 10 minutes. E...",https://github.com/digitalocean/doctl/issues/821,closed,bug,bug,0.750,over_max_per_class
824,Droplet tags order is inconsistent / not defined,"**Describe the Issue:** Using 'doctl compute droplet list' gives inconsistent output in the Tags column. The order of tags is inconsistent, so they keep changing. Thus comparing the output of this command over time shows many changes to ...",https://github.com/digitalocean/doctl/issues/824,closed,bug,bug,0.750,over_max_per_class
825,doctl auth init error,"**Describe the Issue:** Am trying to execute doctl commands with php but am getting some errors. everything is working well from the terminal. I have tried `doctl auth init` using php `$result = exec(""doctl auth init"");` and am getting e...",https://github.com/digitalocean/doctl/issues/825,closed,bug,bug,1.000,over_max_per_class
833,doctl tries to create ~/.config even if -c provided,"**Describe the Issue:** I'm calling doctl as `doctl -c /etc/doctl/config.yaml`, since it's running in a cronjob, but it still refuses to run because it can't create `/root/.config`. It should not care about `$HOME/.config` when `-c` is p...",https://github.com/digitalocean/doctl/issues/833,closed,bug,bug,1.000,over_max_per_class
834,Add command Get and List to volume-actions,**What is the problem this feature would solve? Please describe.** Without commands `Get` and `List` in `doctl compute volume-action` I don't have a sane way to see if the snapshot has ben take on not. **Describe the solution you'd like*...,https://github.com/digitalocean/doctl/issues/834,closed,api-parity;suggestion,enhancement,1.000,over_max_per_class
840,Please add a password function.,"Hello, On the Digital Ocean homepage, can create a water drop by specifying the password. However, it is not supported by the doctl tool. It seems to support only the ssh method. Thanks.",https://github.com/digitalocean/doctl/issues/840,open,do-api;enhancement,enhancement,0.750,over_max_per_class
845,Error when on VPN,"Attempting to authenticate with API token using 'doctl auth init' was not possible when on my VPN (Service:Private Internet Access. Server:Melbourne, Aus) it prompts for entry of the token, but after that it just spews thousands of lines...",https://github.com/digitalocean/doctl/issues/845,open,suggestion,enhancement,0.750,over_max_per_class
846,Offer installing 1-clicks in an existing k8s cluster,"**What is the problem this feature would solve? Please describe.** Currently, it's not possible to install 1-click add-ons in an existing K8s cluster using `doctl`. **Describe the solution you'd like** Would like to see something like `d...",https://github.com/digitalocean/doctl/issues/846,closed,api-parity;suggestion,enhancement,0.750,over_max_per_class
847,DO container registry k8s deployment pulling error,"**Describe the Issue:** When i deploy with an image hosted on the digital ocean container registry in any namespace besides the default there will be an error (no authorization). Once I make a deployment in the default namespace, the oth...",https://github.com/digitalocean/doctl/issues/847,closed,bug,bug,0.750,over_max_per_class
857,how to create a droplet from an image??,how to create a droplet from an image??,https://github.com/digitalocean/doctl/issues/857,closed,suggestion,enhancement,0.350,below_min_confidence
866,Run gofmt on doctl's codebase,"### Overview Right now, [Go Report Card](https://goreportcard.com/report/github.com/digitalocean/doctl) reports that we have so gofmt failures in our codebase. Typically, these can fixed by running `gofmt -s -w ./` from the root of the p...",https://github.com/digitalocean/doctl/issues/866,closed,good first issue;hacktoberfest;help wanted,,0.000,only_secondary_labels
867,Apps integration test fails to check a returned error,### Overview Our [Go Report Card](https://goreportcard.com/report/github.com/digitalocean/doctl) shows that we're failing to get a perfect score on the `ineffassign` check due to a [single error](https://goreportcard.com/report/github.co...,https://github.com/digitalocean/doctl/issues/867,closed,good first issue;hacktoberfest;help wanted,,0.000,only_secondary_labels
869,Top-level doctl package fails golint check,"### Overview The top-level `doctl` package fails the `golint` check. ### How to fix it 1. Clone this repo. 2. If you haven't already, install Go through their [official installer](https://golang.org/dl/). 3. If you haven't already, insta...",https://github.com/digitalocean/doctl/issues/869,closed,good first issue;hacktoberfest;help wanted,,0.000,only_secondary_labels
870,Several misspellings in doctl,"### Overview There are several misspellings in our codebase. These can be found with the Go tool [misspell](https://github.com/client9/misspell). ### How to fix it 1. Clone this repo. 2. If you're using the `misspell` tool, you'll notice...",https://github.com/digitalocean/doctl/issues/870,closed,good first issue;hacktoberfest;help wanted,,0.000,only_secondary_labels
878,`doctl apps logs ${ID}` panics (until logs become available),"**Describe the Issue:** I'm a fan of `doctl` and decided to start using it from the get-go as I explore `doctl apps`. I deployed a `Dockerfile `based app and noticed that, before the deployment completed (and before logs became available...",https://github.com/digitalocean/doctl/issues/878,closed,bug,bug,1.000,over_max_per_class
880,Way to delete image tags from DO container registry,**What is the problem this feature would solve? Please describe.** I am looking for suitable way to cleanup docker container registry in digital ocean. It would be perfect if this will be possible with doctl **Describe the solution you'd...,https://github.com/digitalocean/doctl/issues/880,closed,suggestion,enhancement,0.750,over_max_per_class
881,doctl auth init prompts for token even if flag is present,"Installed doctl on a fresh droplet. Ran `doctl auth init -t personaltokenhere`, but still got prompted with ""Enter your access token:"". This also happens with `--access-token`. Works fine with `doctl auth init --context default -t person...",https://github.com/digitalocean/doctl/issues/881,closed,bug,bug,1.000,over_max_per_class
889,No size unit for `doctl compute volume-action resize`,"**Describe the Issue:** <!-- Please provide a clear and concise description of the problem you are facing including the steps to reproduce the issue. --> Neither the CLI, nor the [docs](https://www.digitalocean.com/docs/apis-clis/doctl/r...",https://github.com/digitalocean/doctl/issues/889,closed,bug,bug,0.750,over_max_per_class
895,`doctl compute droplet get <droplet-id|droplet-name>`,**What is the problem this feature would solve? Please describe.** `doctl compute droplet get` supports only droplet ID whereas `doctl compute droplet delete` supports ID and name ```console doctl compute droplet get --help Usage: doctl ...,https://github.com/digitalocean/doctl/issues/895,closed,suggestion,enhancement,0.750,over_max_per_class
908,`doctl auth init` not working on Windows 10 powershell,**Describe the Issue:** Not able to authorize doctl after installing doctl via the instructions https://www.digitalocean.com/docs/apis-clis/doctl/how-to/install/ After following the instructions in the link above and getting to the step ...,https://github.com/digitalocean/doctl/issues/908,closed,bug;waiting-response,bug,1.000,over_max_per_class
915,"""auth init"" failed with ""Error: mkdir $HOME/.config: file exists""","**Describe the Issue:** The command ""doctl auth init"" failed for me, with the error message ""Error: mkdir $HOME/.config: file exists"". It might be relevant that my "".config"" is a symlink to another directory, not a directory itself. I re...",https://github.com/digitalocean/doctl/issues/915,open,bug;Needs Investigation,bug,1.000,over_max_per_class
919,"How to update DNS records? Receiving ""Data needs to end with a dot (.)""",**Describe the Issue:** See: https://www.digitalocean.com/community/questions/how-to-update-dns-records-receiving-data-needs-to-end-with-a-dot The issue is in the API but is surfaced through `doctl` too: ```bash doctl compute domain reco...,https://github.com/digitalocean/doctl/issues/919,open,bug;Needs Investigation,bug,0.600,below_min_confidence
928,Improve error message when providing non-numeric droplet id,"**Describe the Issue:** As a new user of `doctl`, I mistakenly tried to use using the droplet's name rather than the id when triggering actions. Since the error isn't clear, it took me longer than I'd like to admit to figure out what I w...",https://github.com/digitalocean/doctl/issues/928,closed,bug,bug,1.000,over_max_per_class
934,Appspec global envs removed on app update,"**Describe the Issue:** `doctl apps` ignores the global `envs` section of the appspec file. It's misleading when using `doctl apps spec get ${APP_ID}` when the generated appspec file is missing these values, but can be catastrophic when ...",https://github.com/digitalocean/doctl/issues/934,closed,bug,bug,0.750,over_max_per_class
936,Create new API keys from doctl,"**What is the problem this feature would solve? Please describe.** It would be great if I could create a new API key with `doctl`. Using the web interface is very slow, as I usually end up on digitalocean.com, find the sign in button, th...",https://github.com/digitalocean/doctl/issues/936,open,do-api;enhancement;suggestion,enhancement,0.750,over_max_per_class
937,Add ability to protect (or ignore) certain droplets so they can't be demolished inadvertently,"**What is the problem this feature would solve? Please describe.** Sometimes when I'm using doctl, I manage to delete the wrong droplet. **Describe the solution you'd like** I'd like to know if it would be possible to add a way to ignore...",https://github.com/digitalocean/doctl/issues/937,open,do-api;suggestion,enhancement,1.000,over_max_per_class
947,connect api prompts error cannot assign requested address,"**Describe the Issue:** I try to install it via source package from release page, while I execute command on my laptop (Arch Linux), it prompts error info ```sh Error: Get ""https://api.digitalocean.com/v2/account"": dial tcp: lookup api.d...",https://github.com/digitalocean/doctl/issues/947,open,bug;Needs Investigation,bug,1.000,over_max_per_class
951,Tag existing images in container registry,"I want to add a tag for an image that already exists in the container registry. I'd love to have a `doctl registry tag` command, similar to `docker tag`: ``` doctl registry tag image-name:old-tag image-name:new-tag ``` This way tagging c...",https://github.com/digitalocean/doctl/issues/951,open,do-api;suggestion,enhancement,0.750,over_max_per_class
954,doctl apps logs follow mode unexpectedly exits,"**Describe the Issue:** When I run `doctl apps logs c2ad307c-6f44-43f5-9b89-a80909b03e3d -f`, doctl will get all the current logs and print them to the terminal. However, doctl does not follow the logs as intended with `-f`. doctl will w...",https://github.com/digitalocean/doctl/issues/954,closed,bug,bug,0.750,over_max_per_class
964,Add watch option to Apps Platform create-deployment,"**What is the problem this feature would solve? Please describe.** I would like a means to wait for an Apps Platform deployment to complete and get a relevent status code back from the command line, to inform a job as part of a build pip...",https://github.com/digitalocean/doctl/issues/964,closed,good first issue;suggestion,enhancement,0.750,over_max_per_class
965,Remove auth from list,**What is the problem this feature would solve? Please describe.** <!-- A clear and concise description of what the problem is. Ex. I'm always frustrated when [...] --> I need to remove an auth account from my auth list. Let's say I have...,https://github.com/digitalocean/doctl/issues/965,closed,good first issue;suggestion,enhancement,0.600,below_min_confidence
968,`doctl registry login` with doctl+Docker snaps uses incorrect (!?) `config.json`,**Describe the Issue:** `doctl registry login` provides a helpful (but incorrect?) reminder that: ```console Warning: Using the doctl Snap? Grant access to the doctl:dot-docker plug to use this command with: sudo snap connect doctl:dot-d...,https://github.com/digitalocean/doctl/issues/968,closed,bug;snap,bug,1.000,over_max_per_class
970,Add wait option to app create and update commands,"**What is the problem this feature would solve? Please describe.** In CI and/or scripting it is often useful for commands that create resources to block until they become ready. For example, both `doctl compute droplet create` and `doctl...",https://github.com/digitalocean/doctl/issues/970,closed,good first issue;suggestion,enhancement,0.750,over_max_per_class
972,Stable repositories for ready to use app specification,"**What is the problem this feature would solve? Please describe.** Facilitates deploying ready to use applications (e.g. Wordpress, Ghost, Meilisearch, etc) with just a minimal configuration **Describe the solution you'd like** Support o...",https://github.com/digitalocean/doctl/issues/972,open,suggestion,enhancement,1.000,over_max_per_class
973,Proposal for creating Visual Studio Code extension.,##### I know this is off topic. But I didn't find any good place to contact developers from Digital Ocean. I also email to `contact@digitalocean.com` ### This is a Proposal for creating Visual Studio Code extension. I am surprised by how...,https://github.com/digitalocean/doctl/issues/973,closed,suggestion,enhancement,1.000,over_max_per_class
974,Enable dynamic completion of nouns,"provides a quick list of IDs of the current rules Type 'doctl compute firewall get', press 'TAB' and you get a list of the current IDs of rules",https://github.com/digitalocean/doctl/issues/974,open,suggestion,enhancement,1.000,over_max_per_class
975,Can't (un)set result limit count,"I made some automation using `doctl` but I just found out (when things broke 😆) that the results are getting limited to 25 and there's no flag to ""unlimit"" it, thus I assumed it would return all of them. Basically I have ~40 apps on Digi...",https://github.com/digitalocean/doctl/issues/975,closed,bug,bug,0.750,over_max_per_class
979,Fix the configuration removing command,"**Describe the Issue:** ``` rm -rf $HOME/Library/Application Support/doctl ``` this is won't work as expected, because of the space in `Application Support`. It will be treated as two different arguments, and this command will completely...",https://github.com/digitalocean/doctl/issues/979,closed,bug,bug,0.750,over_max_per_class
980,compute image create syntax is incomplete,**Describe the Issue:** Already read all documentation and help snippets. 1. How to specify the droplet name or ID on the `image create` sub-command? 2. What is the purpose of `--image-url`? **Environment:** - doctl version: 1.59.0-relea...,https://github.com/digitalocean/doctl/issues/980,closed,bug,bug,0.750,over_max_per_class
992,doctl databases fork existing cluster,"**What is the problem this feature would solve? Please describe.** I would like to fork an existing database cluster using `doctl`, similar to how you can do this in the web UI. **Describe the solution you'd like** Some command of the fo...",https://github.com/digitalocean/doctl/issues/992,closed,api-parity;suggestion,enhancement,0.750,over_max_per_class
996,"""doctl auth switch"" mangles all auth-contexts keys that are email addresses","### Describe the Issue: With one or more auth contexts that are email addresses (eg `test@example.com`), using `doctl auth switch` mangles ALL `auth-contexts` keys in the config file: it removes the TLD substring (eg `com`) from each ori...",https://github.com/digitalocean/doctl/issues/996,closed,bug,bug,0.750,over_max_per_class
999,Removing default auth context,"Hi, I try to remove the default context, which was initially created by `doctl auth init`. Executing the command `doctl auth list` displays: default (current) How should I remove this context now? Using the following command `doctl auth ...",https://github.com/digitalocean/doctl/issues/999,closed,bug,bug,1.000,over_max_per_class
1001,1.61.0 release tarball changed?,FreeBSD package maintainer here. Our package building system does a checksum on the release tarballs and we are now seeing a mismatch. It doesn't look like the release was re-rolled. Do you know anything about the change? I'm told that t...,https://github.com/digitalocean/doctl/issues/1001,closed,bug,bug,0.750,over_max_per_class
1003,`doctl compute droplet create --wait` is not waiting long enough ,"**Describe the Issue:** I am using GitHub workflows to provision new droplets. After creating the droplet and trying to SSH into it, I always got a connection refused' error. Trying to SSH into the newly created droplet on my local machi...",https://github.com/digitalocean/doctl/issues/1003,closed,bug;do-api;Needs Investigation,bug,0.750,over_max_per_class
1007,Help for 'kubeconfig save' is incomplete ,"The help for 'kubeconfig save' just kind of trails off... We can do better. ``` $ doctl kubernetes cluster kubeconfig save -h This command adds the credentials for the specified cluster to your local kubeconfig. After this, your kubectl ...",https://github.com/digitalocean/doctl/issues/1007,closed,bug,bug,0.750,over_max_per_class
1018,Option --droplet-agent false creates a duplicate droplet,Running `doctl compute droplet create foo --region fra1 --size s-1vcpu-1gb --image fedora-34-x64 --wait --droplet-agent false` creates two droplets named `foo` and `false` whereas `doctl compute droplet create bar --region fra1 --size s-...,https://github.com/digitalocean/doctl/issues/1018,closed,bug,bug,0.750,over_max_per_class
1020,domain record update unexpectedly changes record TTL,"**Describe the Issue:** I have an existing domain record where I want to update one field, RecordData, but if I don't look up the existing TTL value and specify it during an update it will be changed to [1800](https://github.com/digitalo...",https://github.com/digitalocean/doctl/issues/1020,closed,bug,bug,0.750,over_max_per_class
1022,Access to recovery console settings,"**What is the problem this feature would solve? Please describe.** I'd like to script installing a non-containerized operating system on a droplet, using the Recovery ISO. Creating and powering down a droplet is easy, but setting it to b...",https://github.com/digitalocean/doctl/issues/1022,closed,do-api;Needs Investigation;suggestion,enhancement,0.750,over_max_per_class
1023,snapshot help doesn't list required parameters,"**Describe the Issue:** I tried creating a snapshot from the commandline, but it gave me an error message that --snapshot-name was missing. It is also not present in autocomplete for zsh. **Environment:** - doctl version: doctl version 1...",https://github.com/digitalocean/doctl/issues/1023,closed,bug,bug,1.000,over_max_per_class
1024,Typo in --wait command,"When running ``` doctl apps create-deplyoment $ID --wait ``` The following typo can be observed ``` Notice: App deplpyment is in progress, waiting for deployment to be running ``` Typo is: `deplpyment` **Environment:** <!-- Please provid...",https://github.com/digitalocean/doctl/issues/1024,closed,bug,bug,0.750,over_max_per_class
1028,doctl binary for Android ARM64,"There is no working **doctl binary for Android ARM64** & I'd like to be able to use doctl on Android to manage Kubernetes clusters. Currently I'm able to manage EKS, GKE with their tools like `aws-iam-authenticator` & `gcloud` but not Di...",https://github.com/digitalocean/doctl/issues/1028,open,suggestion,enhancement,0.750,over_max_per_class
1029,"Docker compose push return unexpected end of JSON input: """"","**Issue:** I have set up the docker registry at DigitalOcean to deploy my django application. I have installed the `doctl` and setup the API credentials. If I run the command as: `doctl auth list` i can see my `auth` as the current one, ...",https://github.com/digitalocean/doctl/issues/1029,closed,bug,bug,1.000,over_max_per_class
1037,Cannot delete volume using doctl,Cannot delete volume ``` doctl compute volume delete pvc-f36b9620-ae36-............... Warning: Are you sure you want to delete this volume? (y/N) ? y Error: DELETE https://api.digitalocean.com/v2/volumes/pvc-f36b9620-ae36-...........: 4...,https://github.com/digitalocean/doctl/issues/1037,closed,bug,bug,1.000,over_max_per_class
1063,`doctl k8s clusters create --wait --1-clicks` is not waiting long enough,"**Describe the Issue:** Similar issue as #1003 but related to the 1-click install on Kubernetes. When creating a new cluster and running a 1 click installation, the command returns before the app installation finishes.",https://github.com/digitalocean/doctl/issues/1063,closed,bug;do-api;Needs Investigation,bug,0.750,over_max_per_class
1064,preserve_path_prefix is missing,"According to the app spec documentation, there is a `preserve_path_prefix` option under `services.routes`. This is missing in doctl and therefore leads to an error. Example YAML: ```yaml services: - name: example routes: - path: /example...",https://github.com/digitalocean/doctl/issues/1064,closed,bug,bug,0.600,below_min_confidence
1071,apps create and apps create-deployment do not return error codes,"**Describe the Issue:** When running `apps create` with the `--wait` flag, if there is an error in the deployment, the error code remains as 0. This makes it difficult to detect errors. See the output below: ``` doctl apps create --upser...",https://github.com/digitalocean/doctl/issues/1071,closed,bug,bug,1.000,over_max_per_class
1074,Config initialization failed: open /home/<user>/.config/doctl/config.yaml: permission denied,**Describe the Issue:** <!-- Please provide a clear and concise description of the problem you are facing including the steps to reproduce the issue. --> Any time I want to run any command related to doctl (including kubectl) I get the f...,https://github.com/digitalocean/doctl/issues/1074,closed,bug;snap,bug,1.000,over_max_per_class
1083,Revoke doks token command,"**What is the problem this feature would solve? Please describe.** In my Github Actions pipeline, I download **kubeconfig** with `doctl kubernetes cluster kubeconfig save cluster-name`. This generates an API Token. For every pipeline run...",https://github.com/digitalocean/doctl/issues/1083,open,suggestion,enhancement,0.750,over_max_per_class
1085,compute ssk-key import gets permission denied error,"Greetings. I have a ""permission denied"" error when importing ssh key^ > localname@note:~$ sudo doctl compute ssh-key import keyname --public-key-file ~/.ssh/id_rsa.pub > Error: open /home/localname/.ssh/id_rsa.pub: permission denied I am...",https://github.com/digitalocean/doctl/issues/1085,closed,bug,bug,1.000,over_max_per_class
1086,databases firewalls append error: command contains unsupported arguments,**Describe the Issue:** Using the `doctl databases firewalls` append command throws the following error: `Error: (firewalls.append) command contains unsupported arguments` this is when using any type. command used is: `doctl databases fi...,https://github.com/digitalocean/doctl/issues/1086,closed,bug,bug,1.000,over_max_per_class
1087,Get droplet by name does not work in the case your name is a number,**Describe the Issue:** 1. Create a new droplet with a name that contains only numbers (e.g.: 123456) 2. Try to get this droplet using `doctl compute droplet get 123456` 3. Notice that you will get a 404 even though the get is supposed t...,https://github.com/digitalocean/doctl/issues/1087,open,bug,bug,1.000,over_max_per_class
1088,Saving the kubernetes config is not unique enough,"**Describe the Issue:** When running the command `doctl kubernetes cluster kubeconfig save {cluster-name OR cluster-id}` the context name, cluster name and auth user name are not unique across multiple Digital Ocean accounts or Teams. Th...",https://github.com/digitalocean/doctl/issues/1088,open,bug;Needs Investigation,bug,0.750,over_max_per_class
1106,Doctl/API return 404 when Droplet name is just number,"When using Doctl, command like `doctl compute droplet get 5942369` always return 404 with message ""The resource you were accessing could not be found."". The problem is when name of droplet is just from numbers.",https://github.com/digitalocean/doctl/issues/1106,closed,bug;duplicate,bug,0.750,over_max_per_class
1110,"`Fingerprint could not be generated, please make sure your key is valid` while creating ssh-key with doctl","Basically I want to use ssh fingerprint for clusterAPI `export DO_SSH_KEY_FINGERPRINT=<your-ssh-key-fingerprint>` When I do `doctl compute ssh-key list`, it shows nothing hence there is no key ``` $ doctl compute ssh-key list ID Name Fin...",https://github.com/digitalocean/doctl/issues/1110,closed,bug,bug,1.000,over_max_per_class
1129,image on docker hub seems to be dysfunctional,"**Describe the Issue:** FROM digitalocean/doctl RUN doctl version yields ""#4 0.319 /bin/sh: doctl: not found"" **Environment:** - doctl version: whatever is part of the image - OS: whatever is part of the image - Installation method: no i...",https://github.com/digitalocean/doctl/issues/1129,closed,bug,bug,0.750,over_max_per_class
1142,`apps update --wait` may hang forever when the deployment is a no-op,"Hi, I'm trying to use `doctl apps update --wait` in a continuous deployment pipeline. Sometimes this works fine, other times the command hangs until max attempts. Looking at the source, I think I can see the problem. https://github.com/d...",https://github.com/digitalocean/doctl/issues/1142,closed,,,0.000,no_high_confidence_signal
1144,Initial node pool contains more nodes than expected,"**Describe the Issue:** I create my k8s cluster as follows: ``` doctl kubernetes cluster create jeho \ --tag jeho \ --region ams3 \ --vpc-uuid=<redacted> \ --node-pool ""name=jeho;size=s-4vcpu-8gb;tag=jeho;auto-scale=true;min-nodes=2;max-...",https://github.com/digitalocean/doctl/issues/1144,closed,bug,bug,0.750,over_max_per_class
1147,Documentation not rendering correctly for some pages,**Describe the Issue:** On MacOS some pages [Digital Ocean Documentation](https://docs.digitalocean.com/reference/doctl/reference/kubernetes/cluster/create) for Doctl does not display correctly for some pages leading to the text being cr...,https://github.com/digitalocean/doctl/issues/1147,closed,bug,bug,0.750,over_max_per_class
1165,Can't port forward service on DO k8s,**Im trying to port-forward one my my services but it keeps throwing me access token is required** ![Screenshot from 2022-05-17 13-39-47](https://user-images.githubusercontent.com/31248378/168737461-d3a742fd-d510-4784-9b3c-61f7cf558e94.p...,https://github.com/digitalocean/doctl/issues/1165,closed,bug,bug,0.750,over_max_per_class
1167,"Get ""/v2/account"": unsupported protocol scheme """"","I have created api using https://docs.digitalocean.com/reference/api/create-personal-access-token/, when i try to use `doctl auth init` ``` Please authenticate doctl for use with your DigitalOcean account. You can generate a token in the...",https://github.com/digitalocean/doctl/issues/1167,closed,bug,bug,1.000,over_max_per_class
1171,doctl sls connect fails on snap,"**Describe the Issue:** Using doctl sandbox connect results in a permission error. ``` $ doctl sandbox connect --trace doctl: 2022/05/26 03:27:35 -> ""POST /v2/functions/sandbox HTTP/1.1\r\nHost: api.digitalocean.com\r\nUser-Agent: doctl/...",https://github.com/digitalocean/doctl/issues/1171,closed,bug,bug,1.000,over_max_per_class
1176,doctl auth init flag --access-token do not have effect,**flag -t or --access-token not overwriting token in config.yaml** See images of the issue. CLI does not use the token passed and always grab the one in the config.yaml ![api-portal](https://user-images.githubusercontent.com/54447877/171...,https://github.com/digitalocean/doctl/issues/1176,open,bug;Needs Investigation,bug,0.750,over_max_per_class
1180,Droplet sizes in doctl do not match those displayed in the Web,"**Describe the Issue:** `doctl compute size list` lists 70 different types of VMs, however many of those do not match with what's provided on the web site. Every size that is present in the command output with a disk size of over 100gb s...",https://github.com/digitalocean/doctl/issues/1180,closed,bug;waiting-response,bug,0.750,over_max_per_class
1192,Getting Duplicate Suggestions for invalid commands  ,"**Describe the Issue:** <!-- Please provide a clear and concise description of the problem you are facing including the steps to reproduce the issue. --> Currently if a user use a invalid command ```doctl apa``` , we are getting duplicat...",https://github.com/digitalocean/doctl/issues/1192,closed,bug,bug,0.750,over_max_per_class
1217,`doctl apps spec validate app.yml` returns error when `health_check.port` is used,"**Describe the Issue:** Running `doctl apps spec validate app.yml` throws validation error when `port` is used within health_check block. Returns error: `Error: parsing app spec: json: unknown field ""port""` **Environment:** - doctl versi...",https://github.com/digitalocean/doctl/issues/1217,closed,bug;waiting-response,bug,1.000,over_max_per_class
1262,Use consistent aliases for `list` and `delete` sub-commands,"**What is the problem this feature would solve? Please describe.** Many `doctl` commands provide aliases allowing you to use a shorter version of the command. In particular, `list` is often aliased as `ls` and `delete` is often aliased a...",https://github.com/digitalocean/doctl/issues/1262,closed,good first issue;hacktoberfest;suggestion,enhancement,0.750,over_max_per_class
1263,Add --wait flag to database create command,"**What is the problem this feature would solve? Please describe.** `doctl` aims to be useful in scripting. One way it does this is by providing a `--wait` flag for long running, async operations to block until until they are complete rat...",https://github.com/digitalocean/doctl/issues/1263,closed,hacktoberfest;suggestion,enhancement,1.000,over_max_per_class
1264,Add --wait flag to load-balancer create command,"**What is the problem this feature would solve? Please describe.** `doctl` aims to be useful in scripting. One way it does this is by providing a `--wait` flag for long running, async operations to block until until they are complete rat...",https://github.com/digitalocean/doctl/issues/1264,closed,hacktoberfest;suggestion,enhancement,1.000,over_max_per_class
1267,--interactive false still gives a confirmation prompt,Using `--interactive false` with `doctl compute droplet delete` still produces the ``` Warning: Are you sure you want to delete 2 Droplets? (y/N) ? ``` prompt. How can a response be expected to a prompt in a non-interactive environment? ...,https://github.com/digitalocean/doctl/issues/1267,closed,bug,bug,0.750,over_max_per_class
1271,doctl fails to get env vars,**Describe the Issue:** Doctl fails to get env vars (Windows 10): `doctl sbx fn get sample/hello -v --save-env test.txt` (--save-env-json also fails) **Environment:** <!-- Please provide the following information: --> - doctl version: 1....,https://github.com/digitalocean/doctl/issues/1271,closed,bug,bug,1.000,over_max_per_class
1274,Add a Dependabot to Automate dependency checks,Add a Dependabot to Automate dependency checks in `.github`,https://github.com/digitalocean/doctl/issues/1274,closed,,,0.000,no_high_confidence_signal
1291,Broken link to AUR package,"**Describe the Issue:** https://github.com/digitalocean/doctl#arch-linux contains a link whose text is ""AUR"" that points to https://aur.archlinux.org/packages/doctl-bin/. When I follow that link, it redirects to https://aur.archlinux.org...",https://github.com/digitalocean/doctl/issues/1291,closed,bug,bug,1.000,over_max_per_class
1306,Unable to get a cluster list with custom columns containing tags,"**Describe the Issue:** ``` doctl kubernetes cluster list --format=Name,Status,Tags Error: unknown column ""Tags"" ``` **Environment:** - doctl version: doctl version 1.85.0-release - OS: macOS BigSur - Installation method: Homebrew **Addi...",https://github.com/digitalocean/doctl/issues/1306,closed,bug,bug,1.000,over_max_per_class
1312,Unable to remove the label from the Kubernetes cluster node pool.,"Unable to remove the label for the Kubernetes cluster node pool. For adding a persistent node label to the Kubernetes worker nodes, we need to label the node pool using doctl. Once the label has been added how to remove it? The documenta...",https://github.com/digitalocean/doctl/issues/1312,open,bug,bug,1.000,over_max_per_class
1322,Microservices deployment -> doctl - create with upsert and update fails to update app component,**Describe the Issue:** Trying to host an app on DO. This app comprises of two components. Trying to achieve this via Github actions. The first app in an HTTP app - so when the update is attempted after a push to a branch it complains `R...,https://github.com/digitalocean/doctl/issues/1322,closed,bug;Needs Investigation;waiting-response,bug,1.000,over_max_per_class
1326,doctl as NPM package and .deb,**What is the problem this feature would solve? Please describe.** - We can use doctl as a dependency on NPM. This eases the integration with native code and reduces friction for CI/CD. - `.deb` packages are preferred under linux environ...,https://github.com/digitalocean/doctl/issues/1326,closed,suggestion,enhancement,0.750,over_max_per_class
1329,oh-my-zsh plugin not working,"**Describe the Issue:** The plugin is installed by adding the doctl keyword to the *plugins* line: ``` plugins=(git pyenv tmux docker doctl) ``` After logging into a new shell, there is no sign of completion at all. ``` doctl compute TAB...",https://github.com/digitalocean/doctl/issues/1329,closed,bug,bug,0.750,over_max_per_class
1330,App platform metrics?,"**What is the problem this feature would solve? Please describe.** <!-- A clear and concise description of what the problem is. Ex. I'm always frustrated when [...] --> How do I get the App platform's metrics? Like CPU, MEM etc.. Is it p...",https://github.com/digitalocean/doctl/issues/1330,open,do-api;suggestion,enhancement,0.600,below_min_confidence
1331,doctl sls fn invoke not handling function timeout correctly,"**Describe the Issue:** <!-- Please provide a clear and concise description of the problem you are facing including the steps to reproduce the issue. --> Invoke a function that times out, e.g.: ``` > time doctl sls fn invoke sleep Reques...",https://github.com/digitalocean/doctl/issues/1331,open,bug;Needs Investigation,bug,0.750,over_max_per_class
1334,--wait does not wait for cloud-init to finish,"**Describe the Issue:** I'm running the following command: ``` doctl compute droplet create \ --region ""${JX_DO_REGION}"" \ --image ""${JX_DO_DROPLET_IMAGE}"" \ --size ""${JX_DO_DROPLET_SIZE}"" \ --ssh-keys ""${JX_DO_SSH_KEY}"" \ --enable-monit...",https://github.com/digitalocean/doctl/issues/1334,closed,work-around-available,question,0.400,below_min_confidence
1340,"private networking is enabled even though flag is set to off, need private network off",``` doctl compute droplet create --image 122088422 --size s-1vcpu-1gb --region sfo3 conference-1.example.com --ssh-keys 1234566 --enable-private-networking=false --droplet -agent=false doctl compute droplet create --image 122088422 --siz...,https://github.com/digitalocean/doctl/issues/1340,closed,bug,bug,0.750,over_max_per_class
1344,"Serverless deploy command automatically creating ""__deployer__.zip"" and ignoring main file configuration in project.yml",**Describe the Issue:** When running the `doctl serverless deploy` comand in my project a `__deployer__.zip` file is automatically generated for a function that has multiple files located under the `src` directory. I have 27 other functi...,https://github.com/digitalocean/doctl/issues/1344,closed,bug,bug,0.750,over_max_per_class
1358,Bring back SizeSlug option to doctl compute droplet list,**What is the problem this feature would solve? Please describe.** There is no easy way to know *exactly* what droplet I'm using - neither from the UI nor CLI. As far as I researched the only way is to use JSON output in `doctl compute d...,https://github.com/digitalocean/doctl/issues/1358,open,suggestion,enhancement,0.750,over_max_per_class
1359,Database Replica Functions Missing Integration Tests,"**Describe the Issue:** When working on #1348 to add `promote` functionality it was discovered that other endpoints under `replica` are missing integration tests. `replica create`, `replica delete`, `replica get`, `replica list`, and `re...",https://github.com/digitalocean/doctl/issues/1359,closed,enhancement;good first issue;hacktoberfest;help wanted,enhancement,0.750,over_max_per_class
1364,Provide Proper Snap Package on ARM,"**Describe the Issue:** I install an Ubuntu 2022 ARM VM on my Mac, but when I install Doctl I get version 1.54 from 2016 <!-- Please provide a clear and concise description of the problem you are facing including the steps to reproduce t...",https://github.com/digitalocean/doctl/issues/1364,open,bug;packaging;snap,bug,0.750,over_max_per_class
1365,Add CSV export alongisde text/json,**What is the problem this feature would solve? Please describe.** I'm always frustrated when I want to work with the data exported from doctl and I can't output it in a basic CSV output that is easy to parse in many scripts. **Describe ...,https://github.com/digitalocean/doctl/issues/1365,open,suggestion,enhancement,0.750,over_max_per_class
1366,Can't use shell autocompletion on macOS + zsh,**Describe the Issue:** I followed the instructions for installing shell autocompletion on macOS: https://github.com/digitalocean/doctl#enabling-shell-auto-completion On the last step when I ran `source ~/.zshrc` I got these errors: ```b...,https://github.com/digitalocean/doctl/issues/1366,closed,bug,bug,1.000,over_max_per_class
1367,"Add command ""Add ssh key to droplet"" (Renewed, was not considered all around)",**What is the problem this feature would solve? Please describe.** Being able to build from an API and assign a key after the fact without ever giving password access to a droplet **Describe the solution you'd like** doctl compute drople...,https://github.com/digitalocean/doctl/issues/1367,open,do-api;suggestion,enhancement,1.000,over_max_per_class
1375,Cannot get read-only creds with `doctl registry login`,"**Describe the Issue:** There's no command line flag to log into the DO registry read-only, though that's the default on `doctl registry config`. This means that logins always request read-write access, which fails if doctl is logged in ...",https://github.com/digitalocean/doctl/issues/1375,closed,bug,bug,1.000,over_max_per_class
1380,`doctl registry gc start` does nothing,"**Describe the Issue:** I'm trying to add container registry garbage collection to one of my scripts. Naturally, I added this, which gets run successfully: ``` doctl registry gc start --force ``` Or so it would appear. Checking the statu...",https://github.com/digitalocean/doctl/issues/1380,closed,bug,bug,0.750,over_max_per_class
1382,`doctl version` now outputs json without `-o json` switch,**Describe the Issue:** **Environment:** <!-- Please provide the following information: --> - doctl version: 1.96.1-release - OS: Ubuntu 22.04.2 LTS (GNU/Linux 5.15.0-73-generic x86_64) - Installation method: binary download via GH relea...,https://github.com/digitalocean/doctl/issues/1382,closed,bug,bug,1.000,over_max_per_class
1390,panic: runtime error: invalid memory address or nil pointer dereference,**Problem with doctl registry repository** When i run this command i get a title message ```bash doctl registry repository list-v2 --access-token=dop_********* ``` **Environment:** - doctl version: doctl version 1.97.0-release Git commit...,https://github.com/digitalocean/doctl/issues/1390,closed,bug,bug,1.000,over_max_per_class
1394,--access-token flag ignored when also providing --context flag,"**Describe the Issue:** I am attempting to create an auth context with a custom name, with a token from my env vars. If I use… ```shell $ doctl auth init --access-token ""${DIGITALOCEAN_TOKEN}"" ``` … it works just fine, but if I use… ```s...",https://github.com/digitalocean/doctl/issues/1394,open,bug,bug,1.000,over_max_per_class
1396,--access-token flag ignored when removing registry,**Describe the Issue:** if I switch context `doctl auth switch --context Hyper_Example` and if I use token form Super_Example workspace `doctl registry delete --force -t XXXX` token will be ignored and doctl will delete registry from cur...,https://github.com/digitalocean/doctl/issues/1396,open,bug,bug,1.000,over_max_per_class
1407,doctl auth init -t TOKEN should not print token to stdout,"**Replication Steps** When using doctl the default behavior of token auth, is to print the token to stdout per `<redacted>`. ``` doctl auth init -t $TOKEN Using token [<redacted>] Validating token... OK ``` This behavior is undesirable a...",https://github.com/digitalocean/doctl/issues/1407,closed,bug,bug,0.750,over_max_per_class
1415,Provide the tool as an AppImage,**What is the problem this feature would solve? Please describe.** There is no package for my distribution. **Describe the solution you'd like** It would be nice if you could offer an updateable AppImage of your tool. That would make it ...,https://github.com/digitalocean/doctl/issues/1415,open,packaging;suggestion,enhancement,1.000,over_max_per_class
1417,Unable to delete tags from bash variable,"**Describe the Issue:** When using the `doctl registry repository delete-tag` command and I want to delete multiple tags, I need to enter them all manually, instead of sourcing them from a bash variable. When sourced from a variable, `do...",https://github.com/digitalocean/doctl/issues/1417,closed,bug,bug,0.750,over_max_per_class
1420,Replace deprecated `set-output` command with environment file,"**Describe the issue** In workflow, `set-output` command is deprecated and will be disabled soon. Please upgrade to using Environment Files. For more information, see: [https://github.blog/changelog/2022-10-11-github-actions-deprecating-...",https://github.com/digitalocean/doctl/issues/1420,closed,hacktoberfest,,0.000,no_high_confidence_signal
1426,compute image create --image-file,"**What is the problem this feature would solve? Please describe.** For example Fedora CoreOS offer a digitalocean image, and they helpfully provide cryptographic signatures to verify that the image you download is correct. But since digi...",https://github.com/digitalocean/doctl/issues/1426,closed,do-api;suggestion,enhancement,1.000,over_max_per_class
1436,Not Possible to See CName Domain Record Tags from the CLI with Doctl?,"**What is the problem this feature would solve? Please describe.** The command `doctl compute domain records list somedomain.com` omits the ""tag"" column (used exclusively for CName domain records), although this information becomes avail...",https://github.com/digitalocean/doctl/issues/1436,closed,suggestion,enhancement,0.750,over_max_per_class
1444,403 response on cluster kubeconfig save from the pipeline in Gitlab,We've been using Gitlab CI since forever and everything worked fine until this night. Started from this morning the `doctl kubernetes cluster kubeconfig save` command fails from the pipeline resultin in a 403 response. The command follow...,https://github.com/digitalocean/doctl/issues/1444,closed,bug,bug,1.000,over_max_per_class
1447,`doctl auth init` connection refused,**Describe the Issue:** ```❯ doctl auth init Please authenticate doctl for use with your DigitalOcean account. You can generate a token in the control panel at https://cloud.digitalocean.com/account/api/tokens ❯ Enter your access token: ...,https://github.com/digitalocean/doctl/issues/1447,open,bug,bug,1.000,over_max_per_class
1449,Ability to validate App Spec Schema in Offline Mode,"**What is the problem this feature would solve? Please describe.** This feature would solve the following problems & issues: - No ability to run the following command in ""offline"" mode. For example: doctl app spec validate .do/app.yml --...",https://github.com/digitalocean/doctl/issues/1449,closed,suggestion,enhancement,1.000,over_max_per_class
1460,Get deployment status via doctl,"**What is the problem this feature would solve? Please describe.** According to the documentation, the [`get-deployment`](https://docs.digitalocean.com/reference/doctl/reference/apps/get-deployment/) command doesn’t contain any status fi...",https://github.com/digitalocean/doctl/issues/1460,closed,api-parity;suggestion,enhancement,0.750,over_max_per_class
1461,Ability to deploy separate parts of an App,"**What is the problem this feature would solve? Please describe.** I have an App which consists of a static site, a backend api & a database. Whenever I create a new deployment for this app it seems like it's redeploying everything. The ...",https://github.com/digitalocean/doctl/issues/1461,open,suggestion,enhancement,1.000,over_max_per_class
1464,doctl registry garbage-collection start --force moves the registry to RO mode but don't run garbage collector,**Describe the Issue:** Hello! I tried to run the garbage-collection via the doctl but got that my container registry moved to RO mode and I sew the following action status: ```shell doctl registry garbage-collection get-active UUID Regi...,https://github.com/digitalocean/doctl/issues/1464,closed,bug,bug,0.750,over_max_per_class
1465,webgui xterm code ,**What is the problem this feature would solve? Please describe.** Please let me know where i can find the code for the do xterm web display. Im curios on how i can incorporate the do access mechanism to my users service as Eventually wi...,https://github.com/digitalocean/doctl/issues/1465,closed,suggestion,enhancement,0.750,over_max_per_class
1474,Serverless triggers are not being deployed,**Describe the Issue:** Hi! I'm trying to use doctl to deploy a serverless function with a cron trigger. When I run the `doctl serverless deploy` command my function is deployed but the trigger is not. I do not see a section in my consol...,https://github.com/digitalocean/doctl/issues/1474,open,bug;do-api,bug,0.750,over_max_per_class
1505,"Why do we have to SSH into a droplet, and then install the Droplet Agent?  Why can't you just pre-install it?","Hello. I love being able to just click ""Console"" and have a direct access to my droplet. It is a pain to have to download Putty, figure out how to connect, enter my password, then install the Droplet Agent. Can you please just include th...",https://github.com/digitalocean/doctl/issues/1505,open,waiting-response,,0.000,only_secondary_labels
1507,Adding taints has wrong syntax in DO docs,"I have observed an issue in (probably) auto-generated docs under `doctl kubernetes cluster node-pool create` and `doctl kubernetes cluster node-pool update`. Under Flags option `--taint`, the description says > Taint in key[=value:]effec...",https://github.com/digitalocean/doctl/issues/1507,closed,bug,bug,0.850,over_max_per_class
1513,Incremental builds don't work with --remote-build,**Describe the Issue:** ``` $ doctl serverless deploy . --remote-build --incremental Deploying '/Users/nathan/project' to namespace 'fn-...' on host 'https://faas-syd1-c274eac6.doserverless.co' Error: Cannot read properties of undefined ...,https://github.com/digitalocean/doctl/issues/1513,open,bug,bug,1.000,over_max_per_class
1516,doctl kubernetes cluster node-pool create mycluster123 --auto-scale --min-nodes 0 --name test --size s-1vcpu-2gb --max-nodes 1 --count 0 says the node pool needs at least min 1,In your documentation (https://docs.digitalocean.com/reference/doctl/reference/kubernetes/cluster/node-pool/create/) you write: > The minimum number of nodes in the node pool when autoscaling is enabled > Default: 0 wheres when I write f...,https://github.com/digitalocean/doctl/issues/1516,open,bug;do-api,bug,1.000,over_max_per_class
1525,Error: websocket: bad handshake for doctl apps logs <app id> -f --tail 200,**Describe the Issue:** <!-- Please provide a clear and concise description of the problem you are facing including the steps to reproduce the issue. --> The command `doctl apps logs <app id> -f --tail 200` returns the following error: `...,https://github.com/digitalocean/doctl/issues/1525,closed,bug,bug,1.000,over_max_per_class
1527,doctl --user-data help syntax wrong ,**Describe the Issue:** wrong help/usage for --user-data running `doctl compute droplet create --help ` shows the usage example: `doctl compute droplet create example-droplet --size s-2vcpu-2gb --image ubuntu-20-04-x64 --region nyc1 --us...,https://github.com/digitalocean/doctl/issues/1527,closed,bug,bug,1.000,over_max_per_class
1530,"doctl registry login fails with ""error storing credentials""","**Describe the Issue:** I want to log Docker into Container Registry, but the `doctl registry login` command fails with following output: ```bash ❯ doctl registry login Logging Docker in to registry.digitalocean.com Notice: Login valid f...",https://github.com/digitalocean/doctl/issues/1530,closed,bug,bug,1.000,over_max_per_class
1533,feature: functions: create function triggers with doctl ,**What is the problem this feature would solve? Please describe.** I would like to be able to create Serverless Function Triggers with `doctl` and not `project.yml`. **Describe the solution you'd like** ```bash doctl serverless trigger c...,https://github.com/digitalocean/doctl/issues/1533,open,suggestion,enhancement,0.750,over_max_per_class
1534,functions: attributes generated by quick start are undocumented ,**Describe the Issue:** If you generate a quick start for `Go` with `doctl` ... ```bash doctl serverless init --language go test ``` `doctl` will generate a quick start and it's `project.yml` for the language. If you inspect the generate...,https://github.com/digitalocean/doctl/issues/1534,open,bug,bug,0.750,over_max_per_class
1536,doctl apps logs doesn't output JSON,"**What is the problem this feature would solve? Please describe.** On our apps services, we use JSON logging (pino) and it'd be really helpful to be able to do `doctl apps logs <id> -f | pino-pretty` but I can't because the log lines inc...",https://github.com/digitalocean/doctl/issues/1536,closed,do-api;suggestion,enhancement,1.000,over_max_per_class
1537,Functions node flag --env not working?,**Describe the Issue:** I've been trying to deploy a relatively simple function written in js with the following structure: ``` packages -- mypackage -- -- myfunction -- -- -- index.js .env project.yml ``` I have the deploy command `doct...,https://github.com/digitalocean/doctl/issues/1537,closed,bug,bug,0.750,over_max_per_class
1543,`doctl auth list --output json` produces text output,**Describe the Issue:** Running `doctl auth list --output json` & `doctl auth list --output text` produce the same output in text format. <!-- Please provide a clear and concise description of the problem you are facing including the ste...,https://github.com/digitalocean/doctl/issues/1543,closed,bug,bug,0.750,over_max_per_class
1545,Serverless: Can not install Serverless in Linux x64,`doclt serverless install` return error when running on Linux Intel x64: _Downloading...Error: serverless support is not available for 32-bit linux_ **Environment:** - doctl version: doctl-1.108.0-linux-386 - OS: ubuntu 22.04.4 running o...,https://github.com/digitalocean/doctl/issues/1545,closed,bug,bug,1.000,over_max_per_class
1559,`doctl serverless install` should not require authentication,"**Describe the Issue:** When running `doctl serverless install` without `DIGITALOCEAN_ACCESS_TOKEN` set, the command will refuse to install the `serverless` extension. **Environment:** - doctl version: <!-- The output of `1.110.0` --> - ...",https://github.com/digitalocean/doctl/issues/1559,open,bug,bug,0.750,over_max_per_class
1572,"Can `dockerSocketPath` be configurable, issues when socket is in different location.",https://github.com/digitalocean/doctl/blob/9282784517cb25d3cb6b06a4895626b173177603/internal/apps/builder/cnb.go#L36 Error: preparing build environment: Cannot connect to the Docker daemon at unix:///var/run/docker.sock. Is the docker da...,https://github.com/digitalocean/doctl/issues/1572,open,,,0.000,no_high_confidence_signal
1574,Dependency inconsistency caused by `replace`,**What is the problem this feature would solve? Please describe.** Currently `doctl` depends on `github.com/digitalocean/godo v1.121.0` but do not follow to use the replace directive declared in `godo's` go.mod as below. Repo `godo` uses...,https://github.com/digitalocean/doctl/issues/1574,closed,suggestion,enhancement,0.750,over_max_per_class
1584,Add --wait flag to databases migrate command,"**What is the problem this feature would solve? Please describe.** doctl aims to be useful in scripting. One way it does this is by providing a --wait flag for long running, async operations to block until they are complete rather than m...",https://github.com/digitalocean/doctl/issues/1584,closed,hacktoberfest;help wanted,,0.000,only_secondary_labels
1585,Add --wait flag to databases resize command,"**What is the problem this feature would solve? Please describe.** doctl aims to be useful in scripting. One way it does this is by providing a --wait flag for long running, async operations to block until they are complete rather than m...",https://github.com/digitalocean/doctl/issues/1585,closed,hacktoberfest;help wanted,,0.000,only_secondary_labels
1594,Option descriptions not printed correctly.,"**Describe the Issue:** I have noticed that option descriptions are not printed exactly as defined in the code. For instance, the code is: AddStringFlag(cmdKubeClusterCreate, doctl.ArgClusterVersionSlug, """", ""latest"", ""A `slug` indicatin...",https://github.com/digitalocean/doctl/issues/1594,closed,bug,bug,0.750,over_max_per_class
1597,Some inconsistencies in enum argument descriptions,"**Describe the Issue:** I have done some more investigation related to this PR: https://github.com/digitalocean/doctl/pull/1595, and I found more related issues / inconsistencies. For instance in **doctl databases topics update**: ``` --...",https://github.com/digitalocean/doctl/issues/1597,open,bug;hacktoberfest,bug,0.750,over_max_per_class
1602,Error: unexpected end of JSON input,I suddenly can't deploy anymore with `doctl`. I'm just doing `./doctl serverless deploy --remote-build --verbose-build .` and am getting the following error: `Error: unexpected end of JSON input`. I tried: - Update to the newest version ...,https://github.com/digitalocean/doctl/issues/1602,open,bug,bug,1.000,over_max_per_class
1605,[Windows ARM64] 404 error on `doctl serverless install`,"**Describe the Issue:** When I run this in Powershell, I get an error: ``` doctl.exe serverless install Downloading...Error: received status code 404 attempting to download from https://nodejs.org/dist/v18.17.1/node-v18.17.1-win-arm64.zi...",https://github.com/digitalocean/doctl/issues/1605,open,bug,bug,1.000,over_max_per_class
1614,doctl apps logs id -f quietly quits,**Describe the Issue:** 1. Using `doctl apps logs id -f` often quietly quits. 2. A redeployment of the app doesn't switch to the new running container. **Environment:** - doctl version: `doctl version 1.117.0-release` - OS: `Darwin 23.6....,https://github.com/digitalocean/doctl/issues/1614,open,bug,bug,0.750,over_max_per_class
1615,Reference an app by name instead of ID,**What is the problem this feature would solve? Please describe.** Apps in the UI are listed by name but in doctl I always have to figure out the UUID by going to the UX and copy-pasting it. Add support to using names instead of IDs in d...,https://github.com/digitalocean/doctl/issues/1615,closed,suggestion,enhancement,1.000,over_max_per_class
1618,doctl manual,**What is the problem this feature would solve? Please describe.** manuals are standard with alot of cli tools. doctl does not have a manual entry . this feature would solve my problem of having to open a browser to find commands. additi...,https://github.com/digitalocean/doctl/issues/1618,open,suggestion,enhancement,1.000,over_max_per_class
1619,bug: fail to create a kube cluster,**Describe the Issue:** I've been using a `doctl` script to create a cluster for months. Today it failed to work with the error below <!-- Please provide a clear and concise description of the problem you are facing including the steps t...,https://github.com/digitalocean/doctl/issues/1619,closed,bug,bug,1.000,over_max_per_class
1624,doctl .deb package,**What is the problem this feature would solve? Please describe.** <!-- A clear and concise description of what the problem is. Ex. I'm always frustrated when [...] --> The current installation process involves multiple manual actions an...,https://github.com/digitalocean/doctl/issues/1624,open,suggestion,enhancement,1.000,over_max_per_class
1632,Deployment failure: `sh: 1: tsc: Permission denied`,**Describe the Issue:** When using NodeJS 18 I can reproduce a consistent failure to deploy with a brand new function. Repro steps: ``` doctl serverless init test --language ts <change runtime to nodejs:18> doctl serverless deploy test d...,https://github.com/digitalocean/doctl/issues/1632,open,bug,bug,1.000,over_max_per_class
1635,"Document permissions for ""doctl compute droplet create"" optional flags",### Issue I'm utilizing the official [digitalocean/action-doctl@v2](https://github.com/digitalocean/action-doctl) Github action. I initialize the `doctl` client by passing an API key. I'm trying to create a droplet with the following `do...,https://github.com/digitalocean/doctl/issues/1635,closed,bug,bug,1.000,over_max_per_class
1637,functions: runtime of go:1.20 ignored ,**Describe the Issue:** Can't create Digital Ocean Go Function with `go:1.20` instead I get `go:1.17`. ```yaml packages: - name: webhooks functions: - name: notifier2 runtime: go:1.20 web: false ``` ``` doctl serverless deploy packages/w...,https://github.com/digitalocean/doctl/issues/1637,open,bug,bug,1.000,over_max_per_class
1644,"deploying serverless from ubuntu with python dependencies hangs, fails, is generally unclear",**Describe the Issue:** I am trying to deploy a very simple python script with a handful of dependencies via doctl and I just keep running into issue after issue: - It seems the only way to install dependencies is to include a build scri...,https://github.com/digitalocean/doctl/issues/1644,open,bug,bug,1.000,over_max_per_class
1647,Add ability of connecting recovery iso to droplet.,"Thanks for your effort in developing doctl. Using the digital ocean web interface, one can connect a recovery iso, and change if a droplet is booting from disk or from iso. This functionality is not currently exposed using doctl.",https://github.com/digitalocean/doctl/issues/1647,open,do-api;suggestion,enhancement,1.000,over_max_per_class
1656,doctl fail to install serverless when using docker,I am trying to use the **docker** version of doctl and: 1. sadly the image was created without serverless support already installed (why?) (also mentioned here #1559) 2. it fails when running `docker run --rm -it --env=DIGITALOCEAN_ACCES...,https://github.com/digitalocean/doctl/issues/1656,open,bug,bug,1.000,over_max_per_class
1665,1.122 installed via Homebrew on MacOS is flagged by antivirus,"**Describe the Issue:** Avast antivirus has flagged the tarball downloaded by Homebrew and the installed `doctl` binary for 1.122.0 as a `MacOS:Agent-APC [Tool]`. However, [VirusTotal does not flag](https://www.virustotal.com/gui/url/139...",https://github.com/digitalocean/doctl/issues/1665,open,bug,bug,0.750,over_max_per_class
1666,Allow Interacting with spaces,**What is the problem this feature would solve? Please describe.** Currently documentation asks to install different tools for interacting with spaces. **Describe the solution you'd like** It would be great if it was a single doctl utility.,https://github.com/digitalocean/doctl/issues/1666,open,suggestion,enhancement,1.000,over_max_per_class
1681,"doctl compute droplet create - starting two extra droplets, both named true","**Describe the Issue:** doctl compute droplet create - starting two extra droplets, both named true ~~~bash doctl compute droplet create 'server.domain.com' \ --size s-1vcpu-512mb-10gb \ --image ubuntu-24-04-x64 \ --region sfo3 \ --enabl...",https://github.com/digitalocean/doctl/issues/1681,closed,bug,bug,0.750,over_max_per_class
1683,doctl compute action list is SLOW,**Describe the Issue:** `doctl compute action list --after=2025-04-11T00:00:00.00Z` is VERY slow ~5 minutes. (Note: this is for <1 day of actions at time of posting) **Environment:** - doctl version: doctl version 1.124.0-release - OS: M...,https://github.com/digitalocean/doctl/issues/1683,open,bug,bug,1.000,over_max_per_class
1689,"unknown field ""authority"" reported when validating example spec from DO documentation",**Describe the Issue:** If you try to validate the example spec provided here: https://docs.digitalocean.com/products/app-platform/how-to/manage-domains/#use-subdomain-routing You get the following error: ``` Error: parsing app spec: jso...,https://github.com/digitalocean/doctl/issues/1689,closed,bug,bug,0.600,below_min_confidence
1710,Error getting terminal size: The handle is invalid,**Describe the Issue:** When attempting to connect to an app platform terminal using doctl the following is received: `Error: error getting terminal size: The handle is invalid.` **Environment:** <!-- Please provide the following informa...,https://github.com/digitalocean/doctl/issues/1710,open,bug,bug,1.000,over_max_per_class
1719,feature request: store the token in the keyring,"**What is the problem this feature would solve? Please describe.** I would like to avoid the token being stored on my disk. To prevent a rogue script from reading it. For most people, their keyring is unlocked when they log-in so the ""pr...",https://github.com/digitalocean/doctl/issues/1719,open,suggestion,enhancement,1.000,over_max_per_class
1737,droplet-autoscale create/update --user-data-file,"It seems like `--user-data-file` is missing when doing `droplet-autoscale` commands. It is hard to use the `--user-data`, so having `--user-data-file` would be nice her.",https://github.com/digitalocean/doctl/issues/1737,open,suggestion,enhancement,1.000,over_max_per_class
1749,doctl list-tags flags no longer working,"**Describe the Issue:** Since the last update - we are having issues with `doctl registry repository list-tags`, where flags such as `--format` and `--no-header` are no longer working. **Environment:** - doctl version: 1.142.0-release - ...",https://github.com/digitalocean/doctl/issues/1749,open,bug;hacktoberfest,bug,0.750,over_max_per_class
1753,doctl registry garbage-collection start --force still asks for confirmation,"The -f, --force flag should run the `doctl registry garbage-collection-start` command without confirmation prompt. Bu when executing the command it still asks for confirmation ``` doctl registry garbage-collection start --force my-reposi...",https://github.com/digitalocean/doctl/issues/1753,closed,bug,bug,0.750,over_max_per_class
1759,v1.144.0 missing builds,"**Describe the Issue:** The v1.144.0 version that was just released only has source files, breaking [digitalocean/action-doctl](https://github.com/digitalocean/action-doctl) **Environment:** - doctl version: 1.144.0 - OS: Ubuntu 24.04 - ...",https://github.com/digitalocean/doctl/issues/1759,closed,bug,bug,0.750,over_max_per_class
1760,1.444.0 Release missing files,**Describe the Issue:** The latest release is missing the target release files causing [action-doctl](https://github.com/digitalocean/action-doctl) to fail. Interestingly the GH action attempts to download previous versions and those see...,https://github.com/digitalocean/doctl/issues/1760,closed,bug,bug,1.000,over_max_per_class
1763,Non working example for doctl compute image create,"**Describe the Issue:** The doctl compute image create help right now shows The following example creates a custom image named `Example Image` from a URL and stores it in the `nyc1` region: doctl compute image create ""Example Image"" --im...",https://github.com/digitalocean/doctl/issues/1763,closed,bug;hacktoberfest,bug,0.750,over_max_per_class
1776,DigitalOcean Container Registry GET/DELETE API Calls Failing,"I’m running into a problem with **DigitalOcean Container Registries** using `doctl`. * Creating a registry (`doctl registry create`) works fine. * However, `doctl registry get` and `doctl registry delete` fail with a **412 error**: ``` E...",https://github.com/digitalocean/doctl/issues/1776,open,bug,bug,1.000,over_max_per_class
1782,doctl apps spec get not returning authority correctly,"**Describe the Issue:** I'm using `doctl apps spec get <id> --format json > spec.json` I'm observing that the authority in the response is `{}` ``` ""ingress"": { ""rules"": [ { ""match"": { ""path"": { ""prefix"": ""/"" }, ""authority"": {} }, ""compo...",https://github.com/digitalocean/doctl/issues/1782,open,app-platform;bug,bug,0.750,over_max_per_class
1785,"Serverless cannot be installed: unknown command ""serverless"" for ""doctl""","**Describe the Issue:** `serverless` extension cannot be installed. **Environment:** - doctl version: 1.146.0 - OS: Debian Trixie, running in Docker container - Installation method: GitHub release download **Additional Details:** Using t...",https://github.com/digitalocean/doctl/issues/1785,closed,bug,bug,1.000,over_max_per_class
1790,registries repository delete-tag returns success for images that don't exist,"**Describe the Issue:** <!-- Please provide a clear and concise description of the problem you are facing including the steps to reproduce the issue. --> Hi there, I'm seeing that `doctl registries repository delete-tag` always returns `...",https://github.com/digitalocean/doctl/issues/1790,open,bug,bug,0.750,over_max_per_class
1795,oauth2 support,**What is the problem this feature would solve? Please describe.** It's annoying that I have to manually copy/paste the token **Describe the solution you'd like** Use oauth2 flow to fetch a token for me instead; like aws cli does **Addit...,https://github.com/digitalocean/doctl/issues/1795,open,suggestion,enhancement,0.750,over_max_per_class
1799,--version flag,**What is the problem this feature would solve? Please describe.** I want to know what version of `doctl` I'm running. **Describe the solution you'd like** Return the version when running `--version` **Additional context** I was affected...,https://github.com/digitalocean/doctl/issues/1799,open,suggestion,enhancement,0.750,over_max_per_class
1801,Support of --since nad --until arguments in doctl,**What is the problem this feature would solve? Please describe.** <!-- A clear and concise description of what the problem is. Ex. I'm always frustrated when [...] --> It is a bad UX that `doctl` doesn't support `--since` and `--until` ...,https://github.com/digitalocean/doctl/issues/1801,open,suggestion,enhancement,1.000,over_max_per_class
1813,`doctl registry` commands fail with 412 for multi-registry accounts without clear error or guidance,"### Description All `doctl registry` subcommands (`repository list-v2`, `repository list-manifests`, `repository delete-manifest`, etc.) fail with an opaque 412 error when the account has multiple container registries, even though the `-...",https://github.com/digitalocean/doctl/issues/1813,closed,bug,bug,1.000,over_max_per_class
1816,"auth switch --context default writes bogus ""default: true"" into auth-contexts","## Description `doctl auth switch --context default` silently injects `default: ""true""` into the `auth-contexts` map in `~/.config/doctl/config.yaml`. This entry is not a real token — it's a side effect of how `RunAuthSwitch` validates t...",https://github.com/digitalocean/doctl/issues/1816,open,,,0.000,no_high_confidence_signal
1822,doctl apps list-job-invocations returns empty results when invocations exist,"## Bug Report ### doctl version `doctl version 1.152.0-release` ### Description `doctl apps list-job-invocations <app-id> <job-name>` returns an empty table with no results, even when the job has many invocations recorded by the platform...",https://github.com/digitalocean/doctl/issues/1822,closed,,,0.000,no_high_confidence_signal
1842,"v1.158.0 cannot parse config files it writes — ""yaml: line 2228: did not find expected key""",## Summary doctl `v1.158.0` (released 2026-05-07 16:21 UTC) cannot read its own config files. Every doctl invocation fails at startup with: ``` doctl: 2026/05/07 21:08:20 Config initialization failed: While parsing config: yaml: line 222...,https://github.com/digitalocean/doctl/issues/1842,open,,,0.000,no_high_confidence_signal
1843,1.159.0-release Using cached credential,"Every time I use kubectl to manage DO kubernetes clusters, doctl is bugging with the following messages: ``` doctl: 2026/05/19 11:25:44 Using cached credential ``` How do i get rid of them? I tried removing ~/.config/doctl/cache but it d...",https://github.com/digitalocean/doctl/issues/1843,closed,,security,0.700,below_min_confidence
1854,Unhide support for NAT Gateways,**What is the problem this feature would solve? Please describe.** <!-- A clear and concise description of what the problem is. Ex. I'm always frustrated when [...] --> It appears this feature was implemented in https://github.com/digita...,https://github.com/digitalocean/doctl/issues/1854,open,suggestion,enhancement,1.000,over_max_per_class
1855,v1.160.0 build fails,"Building with go 1.26.4 on linux/Chromebrew on `armv7l`, `i686`, `x86_64` using `go install github.com/digitalocean/doctl/cmd/doctl@v1.160.0` ``` go: downloading github.com/davecgh/go-spew v1.1.2-0.20180830191138-d8f796af33cc go: downloa...",https://github.com/digitalocean/doctl/issues/1855,closed,bug,bug,1.000,over_max_per_class
